1.2514,133.2,7.45,8.34,5.92,389.200012,1609.319946,24377.00977
1.2558,132.68,7.47,8.31,5.9,388.26001,1607.47998,24375.10938
1.2531,130.77,7.47,8.31,5.85,384.470001,1607.47998,24711.43945
1.2458,130.03,7.39,8.31,5.89,381.25,1604.890015,24596.90039
1.2429,129.3,7.4,8.25,5.89,379.5,1589.119995,24330.83008
1.2359,130.1,7.43,8.28,5.91,380.670013,1582.27002,24155.61914
1.2287,130.25,7.51,8.29,5.95,376.799988,1567.98999,24485.25977
1.2343,130.35,7.58,8.27,5.95,380.549988,1568.160034,24485.25977
1.2335,129.73,7.49,8.24,5.97,381.450012,1569.709961,24157.7207
1.2321,129.4,7.49,8.26,5.97,386.470001,1571.73999,23860.66992
1.221,130.22,7.46,8.24,5.97,391.01001,1585.410034,24307.65039
1.2247,130.02,7.45,8.26,5.91,392.799988,1570.01001,24334.66992
1.227,129.83,7.55,8.26,5.91,391.920013,1561.890015,24439.84961
1.2326,129.77,7.53,8.26,5.81,392.5,1565.180054,24894.82031
1.2355,130.73,7.62,8.26,5.79,390.019989,1570.339966,25016.81055
1.2299,131.2,7.67,8.33,5.84,387.829987,1577,24954.66016
1.2246,131.55,7.69,8.33,5.87,387.940002,1590.290039,24799.93945
1.2279,131.18,7.65,8.34,5.85,385.070007,1572.719971,24949.25977
1.2278,131.4,7.68,8.36,5.89,384.200012,1572.069946,24906.42969
1.2223,132.25,7.65,8.41,5.89,389.519989,1579.189941,24901.7207
1.2317,130.75,7.51,8.39,5.86,391.480011,1588.72998,25140.60938
1.2421,131.08,7.48,8.35,5.92,392.959991,1586.01001,24981.17969
1.2461,130.6,7.47,8.39,5.9,392.450012,1579.77002,25222.2793
1.2553,130.3,7.48,8.36,5.87,391.320007,1572.579956,25044.24023
1.275,128.9,7.5,8.36,5.87,390.279999,1568.089966,25044.24023
1.2694,129.8,7.56,8.38,5.91,388.709991,1578.209961,24950.85938
1.2713,129.9,7.51,8.38,5.95,389.970001,1573.939941,24750.19922
1.2747,129.7,7.43,8.31,5.92,393.720001,1582.060059,24446.75977
1.27,130.32,7.41,8.25,5.91,392.890015,1610.180054,24486.49023
1.2695,129.91,7.41,8.24,5.89,393.119995,1605.160034,24232.99023
1.2752,129.65,7.37,8.21,5.84,396.73999,1623.839966,24667.73047
1.2741,130.12,7.41,8.23,5.84,397.410004,1615.26001,24416.23047
1.2783,129.87,7.35,8.24,5.85,397.149994,1627.079956,24176.53906
1.2707,130.05,7.33,8.21,5.86,382.619995,1626.969971,24099.17969
1.296,129.3,7.33,8.21,5.84,385.23999,1605.699951,23400.11914
1.3002,129.95,7.37,8.24,5.85,379.420013,1589.699951,23326.85938
1.2969,129.77,7.38,8.24,5.91,378.529999,1589.699951,23199.85938
1.3007,129.62,7.39,8.23,5.88,380.059998,1603.26001,23177.83984
1.3082,129.53,7.44,8.26,5.91,376.140015,1599.75,23117.39063
1.3103,127.77,7.45,8.3,5.89,375.339996,1590.859985,22868.68945
1.312,128.1,7.42,8.27,5.89,377.959991,1603.5,23112.08984
1.2868,130.28,7.42,8.28,5.87,376.549988,1589.859985,22973.2793
1.2855,129.9,7.42,8.31,5.85,377.39,1587.920044,22780.41992
1.2767,130.08,7.38,8.31,5.84,375.220001,1571.060059,22687.34961
1.2923,129.95,7.32,8.34,5.79,381.399994,1549.810059,21992.28906
1.2897,129.55,7.28,8.32,5.81,380.959991,1549.359985,22166.83008
1.2868,129.55,7.17,8.3,5.76,380.070007,1554.650024,22669.43945
1.3041,128.77,7.21,8.3,5.72,377.390015,1557.52002,22459.16992
1.3193,128.2,7.26,8.24,5.68,379.100006,1555.310059,22445.06055
1.3221,128.4,7.22,8.26,5.7,378.26001,1559.76001,22352.88086
1.32,128.7,7.21,8.24,5.66,377.899994,1548.439941,21953.06055
1.3139,129.15,7.22,8.28,5.68,377.700012,1543.98999,21502.90039
1.3118,129.24,7.19,8.24,5.66,381.549988,1550.209961,21712.57031
1.3118,128.8,7.22,8.22,5.67,384.470001,1557.030029,22754.90039
1.3191,128.47,7.21,8.23,5.65,384.459991,1551.780029,22836.66992
1.3229,128.6,7.18,8.17,5.66,382.73999,1562.890015,22736.28906
1.3221,128.45,7.19,8.15,5.67,383.480011,1570.280029,22629.90039
1.3321,128.33,7.11,8.17,5.69,382.519989,1559.26001,21991.18945
1.3514,127.57,6.97,8.12,5.67,387.040009,1545.869995,21777.11914
1.3672,126.55,6.88,8.13,5.67,396.820007,1542.77002,21777.11914
1.3671,127.55,6.88,8.13,5.59,399.329987,1542.77002,21664.5293
1.3671,127.02,6.88,8.13,5.57,399.329987,1542.77002,22461.16992
1.3671,126.78,6.85,8.13,5.51,404.839996,1542.77002,22555.07031
1.3682,125.57,6.82,8.11,5.47,406.459991,1564.27002,22437.32031
1.3669,125.75,6.76,8.05,5.42,415.140015,1577.26001,22983.76953
1.3656,124.9,6.71,8.05,5.42,417.089996,1577.26001,22983.76953
1.3656,124.9,6.71,8.05,5.42,418.1,1577.26001,22983.76953
1.3661,124.5,6.78,8.02,5.42,417.26001,1598.189941,22983.76953
1.3481,124.8,6.85,8.05,5.42,419.339996,1604.050049,22983.76953
1.3658,124.1,6.82,8.01,5.37,417.959991,1604.689941,23801.17969
1.371,124.4,6.76,7.99,5.33,417.399994,1593.650024,23566.39063
1.3702,124.9,6.77,8.01,5.35,418.100006,1581.680054,22715
1.3506,125.4,6.79,7.99,5.35,417.609985,1599.140015,23113.64063
1.3228,127.05,6.85,7.92,5.37,415.100006,1613.819946,22381.90039
1.3182,126.85,6.92,7.94,5.39,414.339996,1620.449951,21696.85938
1.3229,126.8,7.03,7.94,5.38,420.440002,1629.51001,21775.13086
1.2803,128.4,7.05,7.92,5.38,420.769989,1663.699951,21775.13086
1.2825,128.28,7.13,7.9,5.44,418.209991,1664.089966,21612.18945
1.3007,127.45,7.09,7.9,5.39,418.859985,1669.290039,21321.36914
1.305,123.97,7.09,7.91,5.36,416.359985,1685.140015,20913.82031
1.3153,123.2,7.03,7.86,5.35,412.640015,1687.069946,20858.30078
1.3151,123.22,7.09,7.84,5.28,418.130005,1680.130005,21534.11914
1.3062,123.9,7.2,7.89,5.31,414.959991,1671.839966,21580.7207
1.3092,123.42,7.25,7.89,5.33,415.480011,1669.52002,21072.15039
1.2912,125.4,7.24,7.9,5.33,414.98999,1686.709961,21007.10938
1.3041,125.62,7.16,7.91,5.35,414.959991,1685.51001,21390.51953
1.3104,125.45,7.25,7.88,5.33,410.339996,1671.01001,21362.25977
1.2913,126,7.31,7.89,5.36,411.619995,1683.060059,21557.66992
1.2974,125.55,7.31,7.91,5.43,408.779999,1685.699951,22023.05078
1.3023,125.95,7.36,7.86,5.44,409.529999,1685.660034,22139.58984
1.3074,126.15,7.29,7.91,5.51,413.850006,1678.77002,21999.59961
1.3129,125.83,7.21,7.9,5.55,413.839996,1685.849976,21936.36914
1.3186,125.65,7.2,7.91,5.49,413.820007,1683.709961,22104.91992
1.3316,125.22,7.2,7.87,5.49,411.089996,1686.589966,22107.11914
1.3263,126.7,7.21,7.87,5.53,413.769989,1683.72998,21819.51953
1.3115,126.93,7.23,7.85,5.53,413.76001,1679.140015,21819.51953
1.2958,127.68,7.3,7.86,5.59,417.130005,1685.030029,21541.64063
1.284,127.68,7.4,7.85,5.5,413.690002,1680.810059,21391.01953
1.2799,127.93,7.41,7.87,5.56,412.480011,1676.170044,20883.85938
1.2842,127,7.41,7.92,5.47,412.27,1688.459961,21324.98047
1.2645,128,7.47,7.91,5.47,407.380005,1696.550049,20872.0293
1.2687,128.4,7.42,7.93,5.51,408.26001,1690.23999,20618.30078
1.2625,128.65,7.41,7.92,5.47,413.899994,1711.349976,20771.91992
1.2639,128.72,7.45,7.92,5.45,411.429993,1711.290039,21291.81055
1.2623,129.1,7.47,7.93,5.49,412.269989,1729.859985,20973.24023
1.2752,129.45,7.44,7.91,5.49,410.450012,1716.630005,21025.55078
1.2614,129.68,7.33,7.86,5.47,415.350006,1743.359985,21364.76953
1.2694,129.41,7.35,7.83,5.46,413.859985,1745.170044,21333.69922
1.2732,129.15,7.27,7.83,5.46,412.700012,1746.76001,21338.81055
1.2671,129.63,7.38,7.84,5.49,412.450012,1749.290039,21487.82031
1.2591,130.84,7.43,7.85,5.53,412.850006,1763.859985,21051.71094
1.2503,132.11,7.43,7.84,5.55,409.329987,1762.27002,21105.41992
1.2475,131.85,7.51,7.88,5.5,406.51001,1762.290039,20864.41992
1.2469,131.76,7.48,7.91,5.52,404.440002,1746.77002,20992.99023
1.2533,131.92,7.42,7.9,5.5,405.209991,1753.5,20797.67969
1.2491,132.88,7.43,7.87,5.45,406.890015,1753.209961,20854.58984
1.2528,133.45,7.51,7.9,5.46,404.029999,1739.880005,20592.14063
1.2439,134.25,7.62,7.93,5.48,403.890015,1723.920044,20561.88086
1.2495,133.6,7.71,7.93,5.46,405.839996,1734.420044,20456.06055
1.2516,133.98,7.69,7.94,5.46,406.390015,1723.130005,19837.16016
1.2622,133.45,7.62,7.93,5.42,409.579987,1732.920044,19917.63086
1.262,132.05,7.62,7.91,5.42,409.149994,1729.890015,19764.31055
1.2483,133.27,7.57,7.94,5.38,409.799988,1725.73999,20185.08984
1.2384,134.15,7.64,7.96,5.38,411.299988,1730.900024,20185.08984
1.252,133.7,7.62,8.03,5.38,409.910004,1714.170044,20239.59961
1.2516,133.69,7.53,8.04,5.39,408.880005,1716.199951,19891.57031
1.2595,133.35,7.53,8.03,5.39,407.519989,1719.060059,20226.7793
1.2575,133.95,7.57,8.01,5.38,407.859985,1718.209961,19885.49023
1.2671,133.12,7.54,8.04,5.35,403.5,1698.839966,19636.99023
1.2622,133.06,7.54,8.03,5.35,403,1714.76001,19669.31055
1.2647,132.92,7.54,8,5.38,403.690002,1718.349976,19345.94922
1.2595,134.5,7.46,8.01,5.57,404.230011,1706.689941,18581.78906
1.2653,133.83,7.47,8.03,5.68,400.5,1723.369995,18286.0293
1.2768,133.25,7.42,8.02,5.79,401.549988,1716.180054,18559.71094
1.2854,132.72,7.41,7.96,5.72,405.589996,1738.780029,18436.36914
1.2794,133.28,7.41,7.94,5.75,398.059998,1737.410034,17791.55078
1.2822,132.6,7.44,7.91,5.71,394.5,1714.77002,17175.5293
1.2745,132.23,7.35,7.92,5.74,400.640015,1724.23999,16598.15039
1.2834,132.9,7.37,7.87,5.64,404.290009,1733.77002,17850.66016
1.2636,133.28,7.33,7.89,5.68,406.079987,1729.959961,17236.65039
1.2678,132.79,7.35,7.9,5.68,412.390015,1734.459961,17439.58008
1.2596,133.39,7.37,7.88,5.65,416.279999,1744.349976,17948.00977
1.2514,133.9,7.45,7.9,5.66,416.040009,1746.880005,17959.75977
1.2514,134,7.45,7.9,5.7,409.02,1746.880005,17580.68945
1.2514,134.5,7.59,7.9,5.79,410.179993,1746.880005,17071.35938
1.2538,134.23,7.58,7.93,5.77,410.26001,1747.469971,16787.33008
1.2536,134.15,7.57,7.93,5.78,409.809998,1753.099976,16839.11914
1.2566,134.53,7.59,7.92,5.75,411.600006,1745.170044,17402.05078
1.2634,134.53,7.55,7.98,5.78,409.019989,1745.719971,17542.44922
1.265,133.13,7.6,8,5.84,408.450012,1742.920044,17450.51953
1.2617,133.33,7.57,7.98,5.85,409.109985,1731.680054,17527.40039
1.2612,133.5,7.6,7.99,5.85,412.019989,1731.180054,17527.40039
1.2615,133.3,7.61,8,5.87,414.950012,1728.089966,17390.71094
1.271,132.75,7.56,8,5.85,412.529999,1728.089966,17303.39063
1.271,132.7,7.58,8,5.85,416.910004,1731.290039,17303.39063
1.2745,133.07,7.56,8.04,5.85,416.839996,1733.819946,17303.39063
1.2785,132.5,7.46,8.01,5.81,416.790009,1745.780029,17878.66016
1.2768,132.7,7.49,7.96,5.79,415.850006,1752.569946,18410.88086
1.2686,133.4,7.41,7.96,5.78,416.049988,1748.130005,18375.94922
1.2737,133.17,7.4,7.97,5.77,418.48999,1750.699951,18608.08984
1.2849,130.5,7.36,7.97,5.77,416.290009,1747.910034,18508.5293
1.2885,130.4,7.34,7.95,5.7,416.450012,1745.790039,18768.57031
1.2953,130.2,7.34,7.96,5.7,413.140015,1735.339966,18804.59961
1.3006,130.25,7.28,7.99,5.72,410.089996,1719.920044,18074.26953
1.3099,128.8,7.28,7.95,5.71,412.809998,1763.589966,18443.09961
1.3132,129.1,7.2,7.95,5.68,416.369995,1766.76001,18754.10938
1.3062,129.58,7.25,7.94,5.65,415.390015,1785.400024,18674.92969
1.295,130.25,7.39,7.94,5.67,412.600006,1783.560059,18691.28906
1.2922,129.4,7.35,7.92,5.7,414.019989,1804.420044,18221
1.2922,129.15,7.35,7.93,5.69,417.3,1812.329956,18555
1.2974,129.33,7.46,7.92,5.71,411.410004,1799.51001,18204.64063
1.2801,129.95,7.44,7.95,5.77,412.170013,1792.800049,17822.56055
1.2844,129.62,7.36,7.95,5.75,416.73999,1792.800049,17931.25
1.3029,127.75,7.33,7.93,5.7,415.350006,1806.359985,18347.75
1.2989,127.45,7.39,8.06,5.69,417.299988,1798.22998,18004.10938
1.3011,127.53,7.35,8.08,5.72,413.5,1800.619995,18125.55078
1.299,127.8,7.34,8.09,5.69,414.589996,1786.189941,18188.67969
1.304,127.57,7.34,8.11,5.7,413.26001,1791.349976,17964.07031
1.3127,126.8,7.31,8.1,5.7,413.480011,1789.050049,17790.03906
1.3111,127.2,7.31,8.1,5.72,413.359985,1789.050049,17655.06055
1.3117,127.55,7.33,8.07,5.72,410.059998,1784.709961,17845.03906
1.3103,127.65,7.35,8.08,5.73,407.25,1789.449951,17742.86914
1.3214,126.75,7.33,8.1,5.71,409.049988,1779.73999,17709.05078
1.3226,126.65,7.29,8.09,5.71,409.76001,1786.969971,17383.67969
1.3287,126.8,7.28,8.11,5.71,410.290009,1773.25,16953.23047
1.3282,126.7,7.24,8.12,5.71,408.320007,1781.619995,16953.5293
1.3256,127.05,7.23,8.12,5.65,402.26001,1773.75,16445.80078
1.3326,126.65,7.19,8.12,5.64,400.959991,1773.75,16045.55957
1.3305,126.93,7.24,8.12,5.62,403.670013,1776.339966,16519.86914
1.3314,127.1,7.24,8.14,5.61,403.399994,1770.719971,15921.21973
1.3323,127.23,7.25,8.18,5.62,404.040009,1772.390015,16106.99023
1.3446,126.68,7.2,8.18,5.59,403.839996,1762.550049,15853.66992
1.355,125.45,7.14,8.18,5.58,403.119995,1764.349976,16143.71973
1.3585,125.72,7.15,8.18,5.53,403.450012,1752.829956,15812.73047
1.3738,125.25,7.12,8.18,5.54,408.940002,1755.97998,15741.26953
1.3695,125.87,7.14,8.17,5.52,408.140015,1754.949951,15951.73047
1.3774,124.92,7.1,8.17,5.51,412.880005,1759.900024,16325.07031
1.378,124.6,6.93,8.15,5.49,411.769989,1759.839966,16757.63086
1.3733,124.8,6.93,8.1,5.5,414.62,1776.5,16717.7793
1.378,124.55,6.9,8.11,5.44,413.839996,1769.97998,16657.07031
1.3901,124.42,6.87,8.1,5.47,409.160004,1766.97998,16459.55078
1.3955,124.85,6.91,8.11,5.45,410.279999,1752.290039,16600.25977
1.3831,125.8,6.91,8.11,5.44,414.230011,1760.170044,16848.66016
1.392,125.4,6.93,8.11,5.44,414.619995,1750.319946,16783.7207
1.4061,124.95,6.97,8.17,5.45,414.869995,1731.439941,17201.73047
1.4008,125.3,6.97,8.15,5.43,417.679993,1735.51001,17064.63086
1.4087,125,6.9,8.15,5.42,417.100006,1733.839966,17116.91992
1.4098,125.45,6.87,8.14,5.42,417.540009,1730.780029,16987.66016
1.4219,124.55,6.9,8.16,5.405,415.619995,1699.459961,16548.07031
1.4015,125.25,6.9,8.22,5.405,413.75,1652.709961,15884.48047
1.397,125.3,6.89,8.14,5.405,413.76001,1654.089966,16002.41016
1.3976,126.9,6.85,8.15,5.31,410.929993,1636.810059,15541.9502
1.4004,126.63,6.72,8.14,5.285,412.079987,1622.810059,16039.94043
1.3872,128.1,6.73,8.11,5.29,411.600006,1613.359985,15497.79004
1.4043,127.55,6.69,8.12,5.26,411.540009,1617.780029,15373.33984
1.4108,127.39,6.63,8.11,5.24,417.519989,1617.180054,15426.63965
1.4073,127.83,6.6,8.13,5.215,422.230011,1637.619995,15095.9502
1.4041,127.55,6.69,8.15,5.2,423.920013,1622.199951,15555.59961
1.412,127.2,6.72,8.19,5.224,424.209991,1608.48999,15910.28027
1.4098,127.18,6.72,8.14,5.255,425.089996,1605.109985,15709.4502
1.4124,127.25,6.66,8.09,5.17,424.359985,1609.609985,15692.58984
1.4102,127.6,6.64,8.1,5.185,422.190002,1624.939941,15983.63965
1.4049,127.7,6.65,8.07,5.206,420.589996,1618.069946,15926.44043
1.419,127.48,6.57,8.05,5.225,418.880005,1611.959961,15518.26953
1.4184,127.92,6.52,8.03,5.205,419.420013,1578.949951,15066.33984
1.4134,128,6.5,8.05,5.186,418.899994,1561.390015,14822.55957
1.4201,127.27,6.48,8.04,5.155,417.779999,1547.869995,14773.79004
1.4243,126.37,6.55,8.06,5.129,417.730011,1548.630005,14768.16992
1.4158,126.05,6.53,8.04,5.065,419.910004,1560.160034,14820.25
1.4209,125.69,6.56,7.94,5.029,420.73999,1554.76001,14929.54981
1.4257,126.17,6.48,7.96,4.986,421.339996,1531.869995,14309.41016
1.4274,126.53,6.47,7.97,4.97,418.190002,1526.140015,14650.74023
1.4331,126.5,6.46,7.94,4.965,418.26001,1509.030029,15267.75977
1.4296,125.73,6.53,7.9,5.006,414.850006,1530.030029,16216.87988
1.478,124.53,6.68,7.91,4.955,410.720001,1484.969971,16627.96094
1.4791,124.51,6.73,7.87,4.87,411.609985,1464.030029,16380.76953
1.4706,124.82,6.68,7.9,4.895,413.51001,1475.109985,16541.65039
1.4676,124.78,6.64,7.88,4.89,413.529999,1516.119995,17555
1.4747,123.3,6.63,7.92,4.976,414.839996,1519.689941,17970.78906
1.4747,123.08,6.62,7.89,5.06,414.029999,1529.969971,18061.11914
1.487,122.88,6.56,7.89,5.08,416.070007,1516.439941,17740.06055
1.4899,123.12,6.54,7.9,5.045,417.980011,1515.530029,17587.7207
1.4678,124.15,6.54,7.9,5.041,417.980011,1543.890015,18386.49023
1.4734,123.14,6.4,7.91,4.965,417.079987,1534.719971,18555.30078
1.4782,123.5,6.4,7.79,4.835,425.27,1538.660034,18440.17969
1.4843,122.87,6.29,7.76,4.915,414.440002,1536.709961,18282.41992
1.4652,123.37,6.31,7.78,4.915,416.359985,1523.829956,18875.55078
1.4663,123,6.31,7.77,4.9,419.950012,1527.099976,18908.4707
1.4345,124.31,6.37,7.76,4.935,419.579987,1530.199951,18107.68945
1.3868,124.48,6.32,7.6,4.9,425.269989,1601.5,18471.40039
1.3941,124.34,6.4,7.63,4.9,419.769989,1580.290039,18471.40039
1.3563,125.5,6.41,7.53,4.96,419.920013,1595.089966,17944.69922
1.3678,124.4,6.4,7.51,4.985,419.929993,1579.469971,18116.51953
1.3526,124.48,6.41,7.45,4.991,422.929993,1600.589966,18166.80078
1.3622,123.73,6.42,7.51,5,422.140015,1566,18066.24023
1.3596,121.04,6.5,7.54,4.97,417.140015,1557.01001,18282.7207
1.3541,120.07,6.54,7.45,4.97,417.440002,1542.73999,18282.7207
1.3628,120.49,6.48,7.46,4.9,418.470001,1536.300049,18609.94922
1.3712,120.71,6.41,7.5,4.905,414.350006,1510.660034,18394.75977
1.3972,119.71,6.37,7.54,4.901,416.619995,1481.030029,17972.60938
1.4199,119.31,6.37,7.56,4.919,416.799988,1483.829956,17748.08984
1.4284,120.07,6.37,7.51,4.921,417.799988,1470.089966,17399.08008
1.4211,119.87,6.23,7.4,4.91,416.290009,1484.780029,17369.91016
1.4239,119.35,6.26,7.43,4.87,410.470001,1475.410034,17324.07031
1.4296,119.78,6.24,7.35,4.88,407.570007,1402.339966,17101.5
1.4006,119.74,6.3,7.39,4.875,407.179993,1421.48999,17268.09961
1.4,120.45,6.46,7.38,4.905,404.25,1434.609985,17111.74023
1.3686,122.05,6.41,7.41,4.954,407.75,1446.319946,17335.50977
1.3609,121.84,6.52,7.41,4.935,402.660004,1437.650024,17059.7793
1.3639,120.75,6.52,7.47,4.97,407.440002,1441.569946,17302.00977
1.3656,121.38,6.51,7.45,4.941,409.299988,1471.640015,17490.66992
1.3729,121.14,6.51,7.43,4.924,409.369995,1453.949951,17344.0293
1.3868,120.23,6.53,7.43,4.94,409.600006,1453.790039,17628.49023
1.3678,119.41,6.6,7.37,4.895,411.730011,1458.02002,17369.81055
1.3578,120.57,6.69,7.34,4.885,414.980011,1479.589966,16903.81055
1.3277,122.5,6.86,7.32,4.911,415.480011,1504.890015,16987.66016
1.3387,122.65,6.8,7.35,4.931,415.670013,1496.540039,17141.51953
1.3314,120.75,6.74,7.36,4.896,414.899994,1511,17013.03906
1.3174,121.63,6.83,7.34,4.88,414.100006,1528.859985,17117.65039
1.3161,122.05,6.83,7.32,4.889,418.160004,1534.02002,17011.33008
1.3174,122.2,6.78,7.34,4.875,418.48999,1536.599976,17185.25977
1.3127,123.19,6.76,7.37,4.854,420.130005,1508.189941,17068.41016
1.3161,123.27,6.71,7.37,4.83,420.859985,1493.540039,16937.71094
1.3113,123.45,6.8,7.38,4.83,418.679993,1489.680054,16767.40039
1.2912,123.75,6.88,7.34,4.82,422.75,1482.439941,16853.35938
1.2905,122.65,6.87,7.33,4.82,419.920013,1483.339966,16853.35938
1.2907,123.2,6.89,7.33,4.814,417.109985,1470.569946,17065.19922
1.2812,122.84,6.87,7.33,4.83,418.339996,1484.839966,17031.58984
1.2739,123.44,6.97,7.31,4.85,417.579987,1487.709961,16869.81055
1.2765,124.25,7,7.28,4.791,418.589996,1508.630005,16417.05078
1.2679,124.25,6.91,7.29,4.78,418.619995,1515.27002,16437.10938
1.2768,124.1,6.91,7.29,4.764,422.200012,1509.839966,16318.15039
1.276,123.92,6.79,7.29,4.764,422.869995,1542.280029,16376.92969
1.29,124.03,6.82,7.33,4.74,422.429993,1541.790039,16330.79004
1.2754,124.78,6.9,7.34,4.739,420.679993,1542.47998,16162.99023
1.2644,124.35,6.86,7.36,4.705,419.269989,1550.27002,15993.48047
1.2749,123.75,6.78,7.36,4.725,422.850006,1550.27002,16778.83984
1.2832,123.48,6.81,7.33,4.81,423.609985,1543.369995,16871.31055
1.267,124.33,6.84,7.29,4.815,426.649994,1547.839966,17033.59961
1.2579,124.13,6.86,7.29,4.815,425.119995,1523.619995,17033.59961
1.2572,123.88,6.82,7.28,4.8,427.589996,1526.680054,17096.08984
1.2705,123.77,6.84,7.27,4.805,429.190002,1513.420044,17302.00977
1.2649,124.15,6.84,7.29,4.84,429.91,1523.02002,17479.03906
1.2575,124.45,6.93,7.32,4.845,430.160004,1529.689941,17470.60938
1.2623,124.75,6.95,7.34,4.88,431.350006,1545.119995,17683.65039
1.2649,124.15,6.94,7.36,4.835,430.779999,1546.819946,17313.03906
1.2783,124.49,6.93,7.37,4.81,429.890015,1528.119995,17393.67969
1.2729,124.7,6.91,7.35,4.815,429.910004,1530.650024,17260.08008
1.2637,124.95,6.84,7.33,4.82,432.059998,1526.25,17295.68945
1.2785,123.83,6.78,7.34,4.82,435.309998,1519.47998,17207.11914
1.2873,123.8,6.73,7.35,4.835,436.98999,1506.650024,17281.84961
1.2781,124.05,6.76,7.34,4.835,435.649994,1504.300049,17406.2207
1.2768,123.71,6.77,7.34,4.835,434.640015,1480.650024,17501.30078
1.2739,123.92,6.8,7.35,4.84,433.730011,1476.699951,17441.01953
1.2785,123.7,6.83,7.36,4.895,432.839996,1478.069946,17289.9707
1.2796,124.09,6.83,7.35,4.885,432.570007,1479.619995,17480.74023
1.2893,123,6.77,7.35,4.86,431.519989,1477.550049,17268.71094
1.288,122.72,6.77,7.36,4.86,435.429993,1472.589966,17437.91016
1.2807,123.2,6.76,7.31,4.845,441.279999,1495.599976,17680.74023
1.2785,123.1,6.71,7.31,4.84,440.700012,1517.449951,17645.43945
1.2639,123.85,6.65,7.22,4.815,440.309998,1520.930054,17690.66992
1.2593,123.86,6.68,7.21,4.815,439.029999,1527.060059,17690.66992
1.2602,123.95,6.69,7.21,4.8,439.769989,1527.060059,17648.84961
1.2602,123.7,6.69,7.21,4.79,435.71,1527.060059,17557.03906
1.2602,124.95,6.72,7.17,4.79,439.149994,1547.51001,17188.61914
1.2372,124.73,6.69,7.2,4.805,437.980011,1545.819946,17285.64063
1.2409,124.65,6.68,7.19,4.775,438.820007,1538.430054,16924.94922
1.2369,124.86,6.7,7.19,4.775,435.709991,1538.430054,16924.94922
1.2369,124.86,6.7,7.26,4.775,429.05,1538.430054,16924.94922
1.2179,125.35,6.6,7.27,4.785,435.380005,1538.040039,16994.08008
1.2215,124.85,6.61,7.18,4.755,434.339996,1554.030029,16842.58008
1.2194,125.17,6.63,7.18,4.745,434.519989,1551.170044,16782.88086
1.2215,125.29,6.76,7.18,4.72,430.730011,1538.369995,16780.98047
1.2189,125.45,6.75,7.17,4.73,429.049988,1529.099976,16634.68945
1.2305,125.15,6.71,7.15,4.744,430.950012,1522.26001,16589.55078
1.2256,125.35,6.72,7.14,4.705,431.040009,1533.790039,16681.05078
1.2253,125.67,6.71,7.16,4.675,433.029999,1510.180054,16517.91016
1.232,125.88,6.65,7.14,4.69,435.940002,1526.910034,16515.59961
1.2281,126.1,6.6,7.13,4.69,437.149994,1555.52002,16515.59961
1.2359,125.65,6.6,7.11,4.61,436.839996,1581.48999,16617.24023
1.2426,125.47,6.59,7.11,4.595,435.130005,1572.609985,16798.64063
1.2469,124.7,6.61,7.13,4.575,433.369995,1572.689941,16510.17969
1.2393,124.95,6.6,7.14,4.591,435.48999,1580.640015,16538.67969
1.2491,125.19,6.57,7.13,4.581,436.109985,1593.349976,16336.80957
1.2724,123.35,6.48,7.16,4.57,440.01001,1571.280029,16287.4502
1.269,123.58,6.5,7.16,4.576,439.950012,1575.589966,16492.63086
1.2623,124.16,6.48,7.18,4.589,438.109985,1561.780029,16509.67969
1.2575,124.17,6.44,7.17,4.571,438.660004,1572.680054,17063.41016
1.2404,124.73,6.39,7.14,4.588,438.779999,1574.040039,17023.7793
1.2216,125.1,6.38,7.05,4.559,442.519989,1590.329956,17133.64063
1.2136,124.65,6.46,7.04,4.518,442.549988,1584.140015,17186.31055
1.2123,124.45,6.45,7.02,4.569,447.200012,1605.910034,17222.0293
1.2035,124.75,6.39,7.01,4.574,449.559998,1615.97998,17190.63086
1.2086,124.45,6.32,7.01,4.503,448.929993,1643.829956,17332.90039
1.2054,123.81,6.37,7.01,4.54,447.850006,1646.849976,17281.73047
1.2076,121.25,6.41,7.02,4.47,445.329987,1639.119995,17022.26953
1.2069,121.45,6.4,7,4.441,446.230011,1642.800049,17089.90039
1.2015,121.3,6.37,6.99,4.441,447.660004,1659.069946,17089.90039
1.2011,120.7,6.35,6.99,4.415,444.579987,1649.640015,16851.50977
1.2008,120.94,6.35,6.98,4.435,435.24,1674.930054,17117.99023
1.2157,119.99,6.34,6.97,4.4,433.910004,1651.599976,16916.32031
1.2197,119.7,6.28,6.92,4.335,433.299988,1656.349976,17009.63086
1.213,119.2,6.17,6.9,4.321,431.899994,1670.900024,16982.14063
1.2136,118.35,6.15,6.87,4.291,434.220001,1683.300049,17010.0293
1.2124,116.35,6.09,6.8,4.241,435.23999,1679.410034,16820.60938
1.2201,117.1,5.92,6.78,4.151,434.799988,1658.089966,16863.15039
1.2194,117.7,6.01,6.81,4.097,440.869995,1652.920044,16798.93945
1.2111,117.5,6.03,6.81,4.021,442.339996,1661.959961,16907.39063
1.2034,118.25,6.03,6.69,4.031,443.380005,1680.02002,16953.34961
1.2034,118.76,5.94,6.64,4.148,442.01001,1691.369995,16879.59961
1.2086,117.75,5.95,6.67,4.159,447.899994,1701.459961,16864.25
1.2063,116.65,5.88,6.63,4.164,449.26001,1690.47998,16853.91992
1.212,116.8,5.83,6.65,4.168,447.339996,1685.459961,16759.60938
1.1946,117.65,5.9,6.53,4.152,446.109985,1686.150024,16817.69922
1.1953,116.87,5.85,6.53,4.184,454.709991,1702.27002,17686.4707
1.1885,117.7,5.91,6.56,4.269,454.399994,1711.910034,17848.30078
1.191,118.05,5.97,6.53,4.238,456.329987,1714.47998,17858.63086
1.1908,117.63,5.96,6.51,4.259,453.720001,1708.650024,17904.78906
1.1884,118.08,6.11,6.55,4.244,449.829987,1688.73999,18037.51953
1.1898,118.58,6.17,6.59,4.31,451.429993,1705.050049,18086.17969
1.192,117,6.06,6.62,4.31,451.369995,1700.280029,17968.30078
1.1882,117.28,6.02,6.6,4.335,448.309998,1689.709961,18173.36914
1.1928,115.75,5.93,6.64,4.369,451.890015,1696.380005,18727.90039
1.2134,116.15,5.95,6.65,4.329,450.179993,1686.569946,18537.16992
1.2093,115.77,5.96,6.71,4.42,448.880005,1656.589966,18784.39063
1.2104,116.15,5.91,6.71,4.42,448.76001,1653.199951,18491.61914
1.2129,117.6,5.95,6.73,4.4,448.070007,1666.719971,18450.68945
1.2035,117.3,5.98,6.73,4.47,450.880005,1663.27002,18764.91992
1.211,116.55,6.09,6.68,4.55,447.779999,1667.26001,18788.69922
1.2086,116.8,6.06,6.68,4.635,450.769989,1675.180054,19048.38086
1.2163,116.65,6.02,6.67,4.575,451.970001,1686.640015,18963.16016
1.2243,114.88,6.03,6.7,4.589,451.670013,1676.839966,18591.44922
1.229,114.05,6.06,6.73,4.58,450.299988,1670.040039,19099.08984
1.2308,113.8,6.16,6.78,4.599,441.390015,1657.060059,19446.93945
1.2353,113.69,6.13,6.73,4.645,442.290009,1658.359985,19759.46094
1.2238,114,6.08,6.69,4.656,441.160004,1667.640015,19486.80078
1.2207,113.55,6.07,6.67,4.694,442.730011,1654.599976,19829.23047
1.2296,113.35,5.97,6.61,4.72,441.839996,1658.130005,19967.26953
1.2296,113.2,5.97,6.61,4.639,448.94,1658.130005,19892.17969
1.2296,112.9,5.92,6.61,4.585,448.369995,1658.130005,19882.14063
1.2533,113.5,5.93,6.56,4.6,449.220001,1671.540039,20740.28906
1.2455,113.71,5.9,6.56,4.55,448.660004,1674.949951,20533.38086
1.2404,113.18,5.88,6.56,4.565,448.399994,1674.670044,20675.83984
1.2279,112.3,5.89,6.58,4.59,448.940002,1678.650024,20297.85938
1.2405,111.08,5.87,6.57,4.619,447.459991,1687.140015,20112.33984
1.2416,110.55,5.87,6.59,4.595,445.100006,1680.060059,19828.42969
1.2375,110.65,5.86,6.63,4.595,443.630005,1666.48999,19773.00977
1.2349,109.99,5.85,6.65,4.53,439.459991,1680.01001,19591.31055
1.2564,110.7,5.89,6.63,4.52,437.029999,1656.030029,19704.15039
1.2679,110.58,5.94,6.69,4.535,433.540009,1643.530029,19623.63086
1.2601,111.98,6.02,6.72,4.605,438.01001,1636.589966,20206.71094
1.2553,112.07,6.03,6.75,4.759,438.019989,1630.880005,20454.57031
1.2626,111.4,5.99,6.81,4.759,438.890015,1618.599976,20454.57031
1.2535,111.05,6.05,6.8,4.734,440.190002,1626.829956,20919.17969
1.2535,110.88,5.96,6.79,4.734,442.459991,1632,20919.17969
1.2668,110.15,5.92,6.79,4.734,444.049988,1619.920044,20919.17969
1.2617,110.2,5.93,6.76,4.734,444.519989,1628.880005,20919.17969
1.262,110.05,5.89,6.73,4.674,443.26001,1617.73999,20622.0293
1.2639,110.4,5.92,6.78,4.679,442.309998,1607.699951,20811.35938
1.245,111.83,5.89,6.8,4.761,442.799988,1616.449951,21054.71094
1.2404,111.38,5.89,6.79,4.819,444.359985,1613.459961,20940.36914
1.2401,111.55,5.96,6.73,4.889,444.799988,1632.98999,20615.19922
1.2315,111.95,6.02,6.7,4.864,439.230011,1636.02002,20532.7793
1.2376,110.73,6.03,6.73,4.919,439.559998,1632.349976,20474.15039
1.2355,111.34,6.07,6.79,4.919,440.369995,1630.369995,20565.50977
1.2275,111.46,6.15,6.8,5.044,440.320007,1619.26001,20229.39063
1.2284,110.8,6.11,6.86,5.049,447.570007,1606.640015,20380.78906
1.2343,110.75,6.09,6.86,4.999,450.589996,1606.640015,20330.39063
1.2247,110.5,6.16,6.87,4.963,445.839996,1613.97998,20557.4707
1.22,110.65,6.16,6.91,4.999,448,1608.579956,20476.16016
1.2253,109.35,6.17,6.85,4.999,448.850006,1623.050049,20631.75977
1.2212,108.5,6.12,6.84,4.904,453.440002,1617.180054,20895.99023
1.2311,107.37,6.11,6.82,4.879,452.410004,1633.180054,20852.63086
1.2492,106.95,6.16,6.82,4.924,450.190002,1627.209961,20843.68945
1.2492,107.08,6.16,6.82,4.889,447.69,1627.209961,20552.34961
1.2464,107.1,6.07,6.9,4.876,453.829987,1625.589966,20591.41016
1.2452,107.2,6.06,6.92,4.937,453.850006,1628.530029,20691.69922
1.2415,107.2,6.02,6.87,4.941,452.48999,1630.560059,21076
1.2273,107.79,6.11,6.87,4.872,450.059998,1638.469971,20882.24023
1.229,107.24,6.08,6.92,4.89,447.690002,1660.880005,20844.18945
1.229,106.25,6.09,6.9,4.861,444.709991,1662.280029,20575.24023
1.2173,106.37,6.07,6.84,4.861,445.779999,1679.689941,20575.24023
1.2192,106.05,6.07,6.84,4.826,445.380005,1679.689941,20493.32031
1.227,106.18,5.97,6.82,4.815,447.26001,1685.849976,20500.94922
1.2265,105.09,5.97,6.77,4.824,447.709991,1686.439941,20397.34961
1.2188,106.05,5.96,6.79,4.779,446.269989,1684.569946,20045.88086
1.2027,106.6,5.96,6.75,4.789,447.429993,1689.930054,19902.41992
1.2041,107.29,5.93,6.78,4.709,448.540009,1681.469971,19925.50977
1.1879,109.6,5.97,6.74,4.689,443.679993,1687.140015,19804.53906
1.183,110.67,5.92,6.72,4.714,446.220001,1697.26001,19212.42969
1.179,110.93,5.91,6.72,4.814,445.929993,1698.329956,19538.30078
1.1802,108.85,5.91,6.75,4.864,443.190002,1690.959961,19492.51953
1.1671,108.6,5.88,6.73,4.799,446.619995,1692.160034,19685.07031
1.1752,106.25,5.84,6.72,4.799,447.600006,1699.52002,19659.57031
1.1718,106.27,5.8,6.69,4.759,451.850006,1712.329956,19886.75977
1.1811,106.42,5.79,6.65,4.744,450.690002,1703.050049,19543.41992
1.1729,107.3,5.8,6.66,4.699,450.529999,1700.930054,19590
1.1756,107.37,5.8,6.65,4.634,449.019989,1698.359985,19924.60938
1.1752,108.6,5.76,6.71,4.619,445.839996,1697.390015,19621.46094
1.1745,109.05,5.76,6.74,4.609,448.98,1694.829956,19623.06055
1.1717,108.99,5.8,6.72,4.549,441.429993,1705.660034,19829.7793
1.1703,107.58,5.8,6.69,4.549,442.829987,1739.47998,19720.66992
1.1633,108.6,5.78,6.71,4.589,448.640015,1798.630005,19688.66992
1.1527,110,5.76,6.58,4.515,448.109985,1798.359985,19877.39063
1.1464,109.35,5.75,6.58,4.51,448.980011,1808.73999,19980
1.1518,108.13,5.78,6.57,4.49,448.089996,1806.52002,20180.41992
1.151,107.05,5.72,6.57,4.51,450.079987,1815.630005,20139.10938
1.1467,108.25,5.72,6.58,4.51,449.220001,1807.119995,20158.01953
1.1433,107.55,5.71,6.58,4.49,445.75,1829.359985,20331.5293
1.1593,108.55,5.71,6.55,4.48,446.029999,1835.089966,20150.91992
1.1538,108.17,5.75,6.57,4.5,447.309998,1826.449951,20038
1.1609,108.15,5.83,6.59,4.45,447.179993,1821.280029,20080.91016
1.1509,105.7,5.9,6.63,4.42,444.51001,1828.530029,20115.81055
1.1457,107.07,5.95,6.56,4.365,447.100006,1830.609985,19734.57031
1.1427,106.75,5.93,6.54,4.36,449.089996,1859.48999,19822.08008
1.1418,106.21,5.92,6.56,4.385,448.23999,1846.02002,19891.39063
1.1478,106.02,5.9,6.58,4.38,447.190002,1832.199951,19829.58008
1.1339,106.55,5.81,6.6,4.41,450.23999,1823.400024,20456.84961
1.1259,105.1,5.83,6.55,4.35,448.130005,1823.069946,20380.14063
1.1288,104.34,5.85,6.53,4.31,450.149994,1818.099976,20343.5293
1.1459,104.45,5.83,6.49,4.31,449.269989,1857.359985,20357.64063
1.1452,104.9,5.87,6.46,4.33,448.540009,1861.219971,20497.55078
1.1406,104.38,5.86,6.47,4.295,448.130005,1870.800049,20425.64063
1.1446,104.4,5.86,6.42,4.285,448.679993,1878.939941,20357.93945
1.1484,104.95,5.82,6.42,4.23,450.720001,1870.23999,20493.05078
1.1386,104.64,5.82,6.41,4.205,449.450012,1864.51001,20493.75
1.1371,103.69,5.75,6.36,4.195,450.459991,1894.560059,20732.57031
1.1273,102.99,5.77,6.36,4.145,448.959991,1908.689941,20765.2793
1.1323,101.85,5.72,6.39,4.185,450.140015,1917.689941,20745.16992
1.148,101.62,5.68,6.35,4.175,452.380005,1903.439941,20901.49023
1.1509,101.02,5.7,6.41,4.175,453.130005,1918.75,20841.98047
1.1567,101.63,5.69,6.39,4.195,456.040009,1930.290039,20773.17969
1.1563,105.84,5.64,6.38,4.225,456.429993,1937.77002,20687.4707
1.1629,104.43,5.61,6.4,4.26,456.160004,1909.530029,20607.25977
1.1566,103.05,5.6,6.4,4.26,455.230011,1893.47998,20414.14063
1.1633,103.73,5.54,6.39,4.29,459.769989,1907.650024,20431.83984
1.1571,105.05,5.51,6.36,4.255,460.130005,1915.589966,20521.44922
1.1641,104.41,5.42,6.36,4.161,461.040009,1890.579956,20591.75977
1.1655,103.8,5.48,6.33,4.155,460.540009,1909.540039,20791.67969
1.1655,103.8,5.44,6.31,4.13,461.899994,1929.560059,20912.68945
1.1602,104.75,5.45,6.25,4.116,463.559998,1931.880005,21026.59961
1.1715,105.35,5.46,6.14,4.061,463.149994,1923.670044,20953.30078
1.174,105.95,5.41,6.17,4.111,461.299988,1928.630005,20983.19922
1.1893,104.69,5.31,6.14,4.116,461.339996,1920.430054,21116.21094
1.2014,104.41,5.31,6.15,4.051,462.06,1911.150024,21060.81055
1.2003,104.28,5.23,6.14,4.056,458.519989,1878.77002,20962.09961
1.1968,105.49,5.23,6.13,4.021,456.649994,1870.319946,20918.18945
1.2098,105.35,5.35,6.14,4.016,457.5,1870.459961,20825.58008
1.2136,106.15,5.29,6.14,4.061,461.720001,1868.280029,20817.98047
1.2111,106.3,5.26,6.13,4.106,462.059998,1874.380005,21148.10938
1.2107,105.95,5.37,6.13,4.131,459.899994,1869.25,20947.78906
1.2232,105.93,5.39,6.15,4.131,461.600006,1852.810059,20947.78906
1.2104,104.25,5.37,6.15,4.066,459.429993,1862.619995,20502.15039
1.2082,104.5,5.38,6.13,4.041,458.829987,1884.670044,20391.03906
1.2041,104.61,5.42,6.07,4.039,455.049988,1922.689941,20266.0293
1.2047,106.5,5.47,6.08,3.951,452.950012,1922.050049,20466.65039
1.1949,106.32,5.45,6.12,3.976,456.200012,1899.540039,20174.61914
1.182,105.87,5.42,6.11,3.976,457.73999,1902.140015,20174.61914
1.1827,106,5.42,6.18,3.931,457.630005,1890.180054,20307.5293
1.192,106.2,5.3,6.1,3.861,461.799988,1914.400024,20094.10938
1.1906,105.03,5.28,6.06,3.831,461.529999,1915.609985,20172.7207
1.2019,105.05,5.35,6.07,3.871,460.109985,1908.969971,20077.41016
1.1892,106.3,5.4,6.07,3.797,458.929993,1910.22998,20105.71094
1.1891,105.9,5.34,6.09,3.831,461.279999,1920.459961,20283.13086
1.1922,105.65,5.34,6.11,3.826,461.339996,1934.98999,20264.42969
1.1905,105.8,5.35,6.04,3.792,461.200012,1973.449951,20321.92969
1.1898,105.66,5.35,5.98,3.871,460.73999,1994.089966,20500.25
1.1895,105,5.33,6,3.841,459.179993,1991.949951,20265.63086
1.2042,106.15,5.26,5.99,3.832,460.309998,2015.709961,20378.64063
1.2037,106.2,5.26,5.96,3.832,460.880005,2009.280029,20378.64063
1.2111,106.05,5.27,5.96,3.776,461.119995,2004.109985,20137.31055
1.2019,105.95,5.27,5.94,3.761,461.48999,1999.599976,20038.40039
1.1973,107.25,5.23,5.93,3.776,466.829987,1995.349976,20082.81055
1.1939,107.2,5.19,5.92,3.791,469.5,2023.26001,20174.41992
1.1871,107.5,5.27,5.89,3.841,468.450012,2032.25,20072.21094
1.1774,107.1,5.27,5.88,3.801,466.209991,2036.930054,20069.91016
1.1737,107.39,5.26,5.86,3.751,466.070007,2029.869995,20173.41992
1.1684,108.3,5.35,5.86,3.742,465.359985,2048.050049,20179.41992
1.1625,108.1,5.42,5.87,3.712,463.269989,2083.620117,20264.83008
1.162,108.58,5.47,5.88,3.711,464.200012,2061.179932,20309.33008
1.1559,108.35,5.43,5.89,3.697,464.299988,2048.75,20023.59961
1.1551,108.7,5.44,5.89,3.672,464.609985,2040.969971,19838.7793
1.1506,108.17,5.41,5.92,3.662,467.730011,2053.659912,19479.44922
1.157,108.6,5.388,5.88,3.627,467.829987,2064.97998,19702.9707
1.1434,108.25,5.56,5.86,3.577,469.100006,2068.51001,19438.24023
1.1467,107.85,5.606,5.86,3.572,468.440002,2086.399902,19381.24023
1.1481,107.7,5.606,5.85,3.572,463.019989,2086.219971,19381.24023
1.1475,108.23,5.665,5.85,3.512,457.48999,2057.100098,18949.78906
1.145,108.4,5.728,5.89,3.558,459.570007,2013.650024,18590.46094
1.1551,107.83,5.669,5.9,3.512,460.209991,2007.5,18625.16016
1.146,107.95,5.623,5.89,3.482,460.329987,2040.73999,18125.71094
1.1477,107.2,5.681,5.86,3.482,463.720001,2020.109985,18121.71094
1.1488,106.4,5.681,5.88,3.522,462.640015,2021.810059,18158.51953
1.1442,105.75,5.643,5.89,3.547,465.390015,2023.060059,18493.55078
1.1509,106.73,5.664,5.86,3.572,463.75,2047.199951,18074.60938
1.146,106.81,5.627,5.83,3.587,466.73999,2070.169922,18246.11914
1.1409,106.9,5.622,5.83,3.552,464.809998,2070.169922,18108.71094
1.14,107.35,5.694,5.8,3.547,463.619995,2075.98999,18166.32031
1.1351,108.55,5.829,5.81,3.508,462.600006,2072.129883,17941.18945
1.1387,108.5,5.864,5.84,3.552,459.130005,2020.359985,17384.83984
1.1368,108.37,5.787,5.88,3.552,461.029999,2027.98999,17384.83984
1.1416,108.16,5.817,5.88,3.572,462.359985,2036.449951,17067.10938
1.1368,108.38,5.817,5.89,3.472,463.11,2057.800049,17222.91992
1.134,108.98,5.749,5.85,3.432,463.059998,2045.25,16726.36914
1.1356,109.25,5.732,5.84,3.398,461.899994,2052.090088,16078.70996
1.1305,109.08,5.795,5.87,3.583,461.790009,2052.919922,16406.53906
1.1301,108.79,5.783,5.95,3.55,461.890015,2089.77002,17125.31055
1.1258,108.82,5.778,5.94,3.509,463.109985,2099.76001,17458.75
1.1301,108.6,5.783,5.96,3.477,464.890015,2128.300049,17459.34961
1.1412,107.89,5.681,5.93,3.412,466.429993,2118.01001,16840.38086
1.1443,107.52,5.677,5.93,3.392,466.76001,2127.389893,16903.49023
1.146,109,5.672,5.93,3.404,466.290009,2165.949951,16507.94922
1.1439,108.62,5.643,5.9,3.395,464.179993,2166.580078,17061.91016
1.148,109.2,5.694,5.83,3.36,463.929993,2165.5,17257.42969
1.144,109,5.749,5.84,3.368,465.700012,2163.830078,17327.33008
1.138,109.4,5.779,5.82,3.363,463.059998,2128.070068,17308.73047
1.1373,109.78,5.791,5.85,3.387,461.839996,2128.330078,17489.15039
1.1395,109.56,5.804,5.83,3.403,463.339996,2144.030029,17789.2793
1.1435,110.19,5.774,5.83,3.422,466.380005,2154.76001,18051.91016
1.14,110.62,5.796,5.79,3.378,465.850006,2188.179932,17404.24023
1.146,111.16,5.822,5.8,3.311,465.299988,2183.780029,17315.42969
1.149,110.39,5.715,5.8,3.326,467.320007,2209.169922,17445.74023
1.1523,110.68,5.681,5.78,3.326,467.380005,2227.629883,17445.74023
1.151,110.88,5.681,5.78,3.306,466.45,2227.629883,17141.10938
1.151,111.46,5.677,5.77,3.279,470.540009,2266.699951,16819.88086
1.151,111.43,5.685,5.77,3.302,470.940002,2236.909912,17131.21094
1.1362,111.81,5.694,5.73,3.297,470.579987,2229.620117,17272.0293
1.127,111.81,5.787,5.71,3.313,468.640015,2255.290039,17417.24023
1.1244,111.85,5.783,5.71,3.325,466.450012,2255.290039,17417.24023
1.1264,112.7,5.887,5.7,3.325,465.440002,2274.620117,17417.24023
1.1246,112.64,5.861,5.71,3.336,466.890015,2249.850098,17369.74023
1.1252,113.06,5.865,5.72,3.368,467.549988,2223.610107,17783.48047
1.1252,112.62,5.805,5.74,3.313,467.119995,2220.629883,17881.99023
1.1293,111.91,5.655,5.75,3.297,469.899994,2224.949951,18124.00977
1.1269,112.25,5.621,5.71,3.265,475.269989,2225,18443.43945
1.123,112.38,5.621,5.71,3.312,474.130005,2228.100098,18485.25
1.1263,112.2,5.554,5.7,3.34,474.170013,2182.060059,18793.88086
1.1182,111.77,5.664,5.71,3.364,472.470001,2142.370117,18577.25977
1.1177,111,5.728,5.76,3.46,474.910004,2151.050049,18973.69922
1.1167,111.02,5.728,5.77,3.483,473.299988,2115.560059,18725.36914
1.1223,110.8,5.698,5.81,3.623,474.25,2130.350098,18514.55078
1.1231,111.4,5.706,5.75,3.753,474.299988,2132.52002,19039.40039
1.1266,111.31,5.664,5.79,3.766,474.980011,2098.360107,19183.91992
1.1211,111.55,5.677,5.81,3.723,474.720001,2073.939941,19307.42969
1.1201,111.77,5.689,5.87,3.693,471.970001,2107.290039,18353.24023
1.1203,111.03,5.724,5.84,3.698,470.920013,2090.780029,18648.35938
1.1227,109.93,5.719,5.85,3.855,473.200012,2128.659912,19138.21094
1.1252,108.63,5.672,5.83,3.876,477.049988,2123.310059,18891.78906
1.1338,109.97,5.617,5.84,3.855,478.700012,2156.610107,18757.88086
1.126,108.49,5.638,5.79,3.98,481.609985,2192.600098,20229.11914
1.136,107.66,5.715,5.78,3.989,479.619995,2181.879883,20416.33984
1.1311,108.25,5.715,5.8,3.876,482,2184.050049,20250.0293
1.1334,108.32,5.758,5.82,3.898,480.709991,2137.080078,20174.82031
1.1317,109.43,5.888,5.91,3.932,469.809998,2143.899902,20301.42969
1.1157,108.55,5.91,5.97,3.93,471.76001,2095.110107,20014.40039
1.1141,108.9,5.954,5.94,3.908,471.049988,2099.570068,20251.23047
1.1179,108.31,5.928,5.99,3.838,472.769989,2116.429932,19841.38086
1.1194,108.15,5.904,5.91,3.851,468.929993,2119.689941,19990.69922
1.1207,107.2,5.871,5.91,3.864,470.179993,2108.77002,19990.69922
1.126,102.1,5.883,5.86,3.808,470.230011,2101.929932,19459.25
1.136,103.85,5.867,5.9,3.738,472.519989,2130.709961,18974.59961
1.1373,103.81,5.875,5.95,3.79,472.790009,2135.25,19052.10938
1.1329,104.25,5.984,5.97,3.851,470.339996,2162.290039,18931.39063
1.1406,104.61,6.077,5.99,3.984,467.690002,2133.850098,18959.59961
1.1353,106.05,6.077,6.03,3.997,467.14,2108.060059,19393.93945
1.1359,105.7,6.039,6.09,4.038,471.459991,2113.639893,19342.63086
1.135,105.7,6.124,6.07,4.02,470.690002,2140.25,19341.83008
1.1333,105,6.202,6.12,4.056,464.26001,2082.899902,19765.48047
1.1468,104.81,6.193,6.25,4.11,466.070007,2075.330078,19803.38086
1.1457,104.5,6.15,6.24,4.124,467.140015,2103.23999,19997.19922
1.1434,104.6,6.28,6.25,4.117,464.440002,2056.610107,20216.61914
1.1461,104.3,6.289,6.54,4.286,464.809998,2018.689941,19744.76953
1.1448,103.89,6.341,6.42,4.286,463.01001,2044.449951,19605.85938
1.1382,105.51,6.363,6.38,4.295,464.73999,2076.76001,19966
1.1391,105.65,6.307,6.24,4.383,466.910004,2132.120117,19811.88086
1.14,105.36,6.359,6.2,4.286,465.880005,2125.469971,19898.39063
1.144,105.8,6.368,6.31,4.277,467.059998,2118.01001,19839.17969
1.1558,105.3,6.474,6.25,4.254,463.899994,2124.51001,20090.71094
1.1633,105.06,6.452,6.31,4.194,466.440002,2101.889893,20115.31055
1.1569,106.2,6.479,6.21,4.163,467.390015,2169.399902,20526.15039
1.1526,106.15,6.457,6.16,4.181,467.01001,2178.909912,20508.84961
1.1559,106.01,6.377,6.13,4.226,469.420013,2168.110107,20677.76953
1.1624,105.81,6.382,6.13,4.122,470.899994,2160.449951,20592.16016
1.1511,106.16,6.479,6.26,4.508,471.059998,2140.389893,20469.44922
1.1502,106.11,6.537,6.39,4.509,468.540009,2130.550049,20469.44922
1.155,106,6.435,6.34,4.673,468.799988,2141.699951,20253.5293
1.1577,106.31,6.418,6.29,4.593,468.540009,2162.959961,19962.09961
1.1647,104.51,6.569,6.28,4.538,464.350006,2144.360107,20037.90039
1.1688,104.81,6.592,6.38,4.514,460.579987,2144,19836.48047
1.1678,104.06,6.606,6.33,4.49,460,2167.719971,19941.78906
1.1712,103.09,6.701,6.29,4.04,452.480011,2162.820068,19709.74023
1.1646,102.96,6.765,6.35,4.373,445.549988,2151.840088,19559.91016
1.1737,102.75,6.774,6.3,4.249,445.769989,2142.879883,19111.91992
1.1537,103.6,6.774,6.36,4.25,447.1,2142.879883,19277.16016
1.1514,103.24,7.152,6.36,4.231,438.920013,2142.879883,19122.2207
1.1502,104.36,6.95,6.38,4.212,448.290009,2177.090088,19563.21094
1.1436,104.51,6.904,6.28,4.265,448.049988,2184.889893,19696.74023
1.1438,104.95,6.849,6.28,4.288,450.880005,2202.570068,19890.98047
1.1468,105.26,6.933,6.27,4.339,447.100006,2203.179932,19934.99023
1.1508,103.41,6.91,6.26,4.378,449.869995,2224.850098,19898.08008
1.1438,103.56,6.85,6.22,4.326,447.570007,2211.189941,19648.33008
1.1471,103.36,6.915,6.26,4.307,446.26001,2215.189941,20060.41016
1.1493,104.28,6.961,6.32,4.298,446.380005,2198.23999,19987.19922
1.1464,103.45,6.948,6.32,4.275,446.179993,2211.919922,20164.63086
1.1413,103.2,7.117,6.37,4.247,442.459991,2218.370117,20277.35938
1.153,103.06,7.085,6.54,4.331,442.540009,2193.889893,20192.33984
1.1565,103.11,7.042,6.59,4.314,441.959991,2194.090088,19882.17969
1.1618,103.61,6.884,6.64,4.262,448.730011,2194.409912,19799.35938
1.1584,103.26,6.912,6.55,4.257,447.630005,2218.129883,19964.39063
1.1673,103.16,6.857,6.65,4.239,452.709991,2208.679932,19709.14063
1.1667,102.81,6.829,6.64,4.305,451.869995,2241.360107,19628.92969
1.1711,102.35,6.829,6.58,4.23,451.72,2256.97998,19729.15039
1.1745,101.36,7.016,6.51,4.202,449.100006,2237.820068,19725.25
1.184,101.7,7.035,6.63,4.202,450.910004,2252.51001,19725.25
1.1852,101.67,7.078,6.54,4.179,453.019989,2266.719971,19570.21094
1.1901,101,7.112,6.58,4.156,453.029999,2261.709961,19570.21094
1.1781,101.86,7.136,6.61,4.156,451.720001,2241.850098,19570.21094
1.1737,102.9,7.093,6.72,4.156,451.380005,2249.780029,19570.21094
1.1758,102.41,7.334,6.72,4.207,447.820007,2233.550049,19862.4707
1.1825,102.71,7.475,6.75,4.198,442.320007,2218.77002,19786.96094
1.1743,104.46,7.281,6.63,4.198,446.01001,2241.340088,19917.7793
1.1707,104.31,7.412,6.59,4.198,441.48999,2248.02002,20150.13086
1.173,104.31,7.348,6.59,4.133,443.75,2248.02002,20224.24023
1.1754,104.95,7.277,6.58,4.078,444.140015,2257.330078,20270.75
1.1697,104.8,7.232,6.54,4.042,444.48999,2272.959961,20188.43945
1.1748,104.6,7.086,6.54,4.047,449.369995,2268.110107,20133.5293
1.1815,103.56,7.016,6.47,3.979,453.690002,2254.209961,20152.73047
1.1843,104.33,6.947,6.47,3.929,456.480011,2245.790039,20221.33984
1.1903,104.3,7.012,6.48,3.947,454.920013,2238.969971,20342.16992
1.1895,104.4,7.179,6.48,4.011,453.200012,2238.969971,20568.71094
1.1884,104.72,7.148,6.65,4.006,454.809998,2188.01001,20622.11914
1.1901,104.4,7.117,6.67,3.952,456.339996,2137.560059,20663.63086
1.1902,104.68,7.086,6.79,3.893,457.059998,2146,20495.80078
1.1905,104.3,7.107,6.77,3.898,457.329987,2112.800049,20777.16016
1.1905,104.57,7.107,6.82,3.898,458.88,2129.76001,20838.9707
1.1909,104.78,7.152,6.94,3.948,456.5,2137.340088,20973.58984
1.1909,104.53,7.107,7.04,4.057,457.630005,2113.620117,21053.10938
1.1857,104.85,7.059,7.04,4.14,457.649994,2113.620117,21009
1.1744,105.45,6.963,7.07,4.271,460.130005,2158.879883,20954.18945
1.1733,105.29,6.889,6.93,4.319,458.880005,2163.590088,20726.65039
1.1736,104.17,6.936,7,4.434,458.209991,2131.800049,21042.71094
1.1733,104,6.945,6.96,4.381,457.059998,2143.929932,21261.94922
1.1726,103.95,6.958,6.92,4.367,457.859985,2131.139893,21402.7793
1.1763,103.6,7.014,6.9,4.32,458.670013,2143.580078,21395.17969
1.1871,102.9,7.054,6.95,4.396,459.100006,2084.419922,21552.81055
1.1901,102.78,6.988,7.09,4.411,462.369995,2088.439941,21353.9707
1.1962,102.8,7.076,7.12,4.358,460.609985,2073.209961,21282.96094
1.197,103.5,7.058,7.18,4.334,461.929993,2047.290039,21367.4707
1.1973,102.75,7.119,7.13,4.523,458.450012,2031.800049,21503.30078
1.2189,102.02,7.146,7.31,4.647,455.480011,1986.420044,21152.0293
1.218,100.3,7.204,7.3,4.539,451.339996,1957.079956,20813.16016
1.2186,101.2,7.106,7.23,4.449,453.089996,2004.930054,20581.32031
1.2168,101.4,7.084,6.98,4.424,449.630005,2032.52002,21040.21094
1.2213,100.6,7.199,7.07,4.269,442.799988,2005.069946,20766.75
1.2375,100.45,7.15,7.11,4.299,447.309998,2000.47998,20300.96094
1.2308,100.05,7.244,6.96,4.399,446.070007,2022.25,20639.23047
1.2317,98.8,7.23,6.95,4.359,447.630005,2042.449951,20481
1.2238,98.44,7.329,6.92,4.394,444.269989,2020.849976,20643.92969
1.2216,98.75,7.32,7.07,4.344,446.200012,2040.689941,20543.41016
1.2213,99,7.32,7.04,4.344,448.06,2061.699951,20631.92969
1.2297,99,7.298,7.09,4.454,446.369995,2034.640015,20834.36914
1.2401,99,7.302,7.08,4.444,446.130005,2031.329956,20629.0293
1.2359,98.6,7.275,7.06,4.474,448.380005,2049.100098,20620.01953
1.2366,98.1,7.402,7.04,4.374,449.549988,2047.829956,20526.50977
1.2639,97.6,7.457,6.97,4.499,448.059998,2069.459961,20473.08984
1.2781,97.25,7.411,6.84,4.399,447.950012,2048.570068,20400.48047
1.2676,98.3,7.397,6.83,4.469,448.730011,2051.25,20540.41016
1.2602,98.6,7.23,6.87,4.499,453.410004,2070.709961,20718.03906
1.253,97.86,7.23,6.78,4.439,454.160004,2103.540039,20770.15039
1.2602,98.45,7.181,6.84,4.459,455.220001,2116.959961,20717.64063
1.25,99.3,7.123,6.73,4.389,453.859985,2129.860107,20775.16016
1.2435,98.85,7.225,6.75,4.414,451.600006,2120.969971,20780.75977
1.2363,99.1,7.252,6.8,4.419,452.609985,2126.75,20622.91992
1.2235,98.95,7.27,6.8,4.439,453.109985,2148.22998,20462.89063
1.2299,98.6,7.243,6.87,4.419,454.25,2144.209961,20297.66016
1.2291,98.3,7.252,6.8,4.479,453.359985,2163.320068,20345.36914
1.235,98.47,7.32,6.81,4.474,452.570007,2135.929932,20137.23047
1.2324,100.15,7.27,6.9,4.489,454.23999,2134.120117,20247.84961
1.2261,100.15,7.095,6.91,4.529,458.26001,2152.189941,20449.39063
1.2367,99.41,7.113,6.83,4.531,461.01001,2161.5,20271.34961
1.2314,100.41,7.086,6.8,4.592,460.559998,2193.629883,20660.13086
1.2337,100.3,7.082,6.77,4.627,461.450012,2190.830078,20632.73047
1.2326,100.6,7.1,6.83,4.712,458.399994,2176.659912,20676.83984
1.2317,100.25,7.257,6.86,4.778,457.089996,2188.810059,20521.69922
1.2323,101.51,7.257,6.89,4.866,457.890015,2182.320068,20635.83008
1.2308,101.32,7.302,6.99,4.935,457.920013,2160.560059,20590.2207
1.2349,101.35,7.302,7.02,4.935,460.299988,2166.51001,20770.25
1.2252,100.25,7.344,7,4.886,458.880005,2156.310059,20821.35938
1.2446,100.15,7.268,7.29,4.886,461.940002,2133.73999,20663.83008
1.247,100.2,7.286,7.21,4.865,461.230011,2134.340088,20626.33008
1.2452,100.58,7.17,7.2,4.88,465.01001,2152.649902,20786.35938
1.243,100.13,7.135,7.11,4.906,465.170013,2166.560059,20824.56055
1.2519,98.58,7.268,7.25,4.855,463.170013,2151.439941,20862.76953
1.2587,98.65,7.263,7.22,4.801,463.679993,2143.840088,20512.69922
1.266,97.8,7.308,7.3,4.856,462.320007,2113.370117,20394.58008
1.2617,97.88,7.272,7.3,4.835,464.51001,2121.25,20380.7793
1.259,99.02,7.196,7.29,4.87,469.029999,2132.97998,20511.59961
1.2552,99.7,7.272,7.23,4.89,468.079987,2153.47998,20443.28906
1.2427,100.67,7.232,7.26,4.895,473.799988,2190.580078,20471.49023
1.2427,100.03,7.236,7.18,4.915,474.589996,2215.719971,20600.41992
1.2303,99.58,7.191,7.19,4.956,476.070007,2205.820068,20592.11914
1.2341,100.05,7.165,7.21,4.951,475.48999,2207.090088,20628.5293
1.2341,99.81,7.174,7.26,4.916,473.170013,2185.780029,20642.92969
1.2478,99.13,7.196,7.27,4.916,470.98999,2197.379883,20653.83008
1.2502,99.37,7.196,7.39,4.87,466.21,2173.600098,20409.17969
1.2583,98.68,7.253,7.43,4.826,471.859985,2158.070068,20393.98047
1.252,99.44,7.285,7.48,4.726,470.98999,2167.679932,20023.80078
1.2472,99.55,7.285,7.48,4.745,473.140015,2178.100098,19917.7793
1.2591,99.18,7.429,7.46,4.676,468.179993,2155.580078,19897.88086
1.258,99.25,7.443,7.59,4.725,466.209991,2155.810059,19917.2793
1.2542,98.77,7.424,7.58,4.705,467.51001,2157.149902,20046.10938
1.2628,99.2,7.393,7.55,4.716,468.799988,2118.169922,19919.38086
1.2563,99.5,7.338,7.56,4.716,474.809998,2129.360107,19919.38086
1.2645,98.95,7.507,7.55,4.715,471.190002,2097.449951,19796.25977
1.2528,98.5,7.475,7.64,4.72,470.850006,2100.550049,19554.10938
1.2555,97.6,7.511,7.72,4.706,463.359985,2059.149902,19837.26953
1.2601,97.75,7.553,7.66,4.661,461.459991,2067.169922,19885.38086
1.256,98.03,7.543,7.69,4.645,461.269989,2072.810059,19833.66992
1.2599,97.85,7.553,7.6,4.645,459.670013,2097.330078,19833.66992
1.2524,98.75,7.557,7.57,4.66,460.820007,2057.830078,19814.35938
1.2587,98,7.59,7.59,4.641,462.049988,2056.889893,19468.89063
1.2591,98.95,7.553,7.51,4.635,464.839996,2070.360107,19507.59961
1.2602,98.55,7.617,7.51,4.67,462.23999,2016.079956,19615.11914
1.2561,99.15,7.599,7.57,4.7,462.709991,2002.300049,19563.81055
1.2517,99.58,7.65,7.59,4.74,461.73999,2002.300049,19650.0293
1.2552,99.66,7.678,7.71,4.735,454.589996,1988.670044,19568.60938
1.2609,99.61,7.748,7.76,4.785,453.519989,1946.48999,19751.55078
1.2599,99.87,7.753,7.73,4.806,452.359985,1965.410034,19655.23047
1.2623,100.65,7.683,7.81,4.905,455.100006,1977.670044,19744.75
1.2552,100.3,7.683,7.68,4.905,459.040009,2048.560059,19744.75
1.2568,100.2,7.623,7.6,4.891,465.790009,2087.709961,19821.46094
1.2607,99.7,7.674,7.57,4.911,465.470001,2072.679932,20089.7207
1.2606,99.35,7.623,7.56,4.926,467.790009,2108.080078,20148.83008
1.2783,98.25,7.59,7.44,4.845,469.100006,2118.52002,19969.28906
1.291,97.72,7.6,7.34,4.841,468.959991,2095.580078,19958.28906
1.2937,97.75,7.614,7.33,4.87,467.660004,2069.580078,19992.40039
1.2937,97.4,7.651,7.37,4.841,470.279999,2058.129883,19868.86914
1.2932,97.03,7.783,7.39,4.87,466.850006,2048.149902,19991.90039
1.2975,97.23,7.783,7.5,4.83,464.890015,2016.599976,19899.08008
1.2965,97.13,7.83,7.5,4.9,460.829987,2022.640015,19852.36914
1.3007,96.82,7.859,7.62,4.896,461.529999,1995.849976,19732.15039
1.2992,96.83,7.859,7.65,4.878,462.619995,2009.449951,19746.34961
1.298,97.03,7.859,7.68,4.885,465.850006,2026.369995,19796.35938
1.2872,97.28,7.793,7.65,4.865,473.769989,2064.860107,19805.16016
1.288,96.96,7.793,7.56,4.83,472.350006,2061.580078,19989.59961
1.2943,96.61,7.893,7.62,4.821,468.420013,2066.179932,19916.48047
1.2975,97.53,7.927,7.67,4.816,466.51001,2039.910034,19750.65039
1.2812,97.63,7.946,7.7,4.816,467.910004,2061.370117,19750.65039
1.2724,97.45,8.014,7.63,4.851,462.279999,2069.389893,19811.56055
1.2785,97.38,8.023,7.64,4.861,463.070007,2043.300049,19619.2207
1.2847,97.1,7.985,7.65,4.881,465.649994,2056.360107,19609.01953
1.2674,97.84,7.923,7.55,4.774,465.399994,2090.780029,19423.88086
1.2639,97.71,7.962,7.52,4.772,464.369995,2098.040039,19264.84961
1.2692,97.73,7.981,7.5,4.734,462.350006,2073.669922,19284.35938
1.255,98.33,7.925,7.48,4.724,466.040009,2091.040039,19261.44922
1.2552,98.75,7.893,7.45,4.719,465.029999,2112.209961,19391.67969
1.2508,98.37,7.962,7.45,4.739,465.619995,2112.209961,19306.66016
1.2528,98.33,8.013,7.51,4.749,463.570007,2091.939941,19336.57031
1.2483,98.59,8.004,7.55,4.743,461.470001,2089.47998,19302.56055
1.2444,98.27,8.017,7.52,4.739,458.299988,2097.199951,19121.7207
1.2474,98.21,7.985,7.5,4.714,450.089996,2073.290039,18962.99023
1.2467,98.44,7.801,7.4,4.714,449.929993,2040.050049,18962.99023
1.243,98.47,7.801,7.39,4.629,448.92,2058.790039,18701.24023
1.2419,98.78,7.788,7.32,4.649,452.290009,2056.27002,18666.92969
1.2392,98.74,7.874,7.28,4.694,454.160004,2050.820068,18811.35938
1.2415,98.96,7.939,7.35,4.689,455.170013,2036.23999,18926.49023
1.2346,98.98,7.888,7.41,4.714,453.690002,2057.280029,19075.61914
1.2337,99.38,7.911,7.31,4.656,448.920013,2045.540039,19013.59961
1.2294,100.64,7.792,7.31,4.641,453.299988,2042.380005,18998.30078
1.2314,100.33,7.823,7.27,4.675,453.320007,2067.26001,19305.66016
1.2318,100.12,7.719,7.34,4.645,453.109985,2046.98999,19340.4707
1.2327,99.92,7.801,7.34,4.621,451.230011,2044.040039,19174.23047
1.2278,100.56,7.81,7.43,4.645,445.450012,2041.849976,19180.03906
1.2281,100.11,7.778,7.39,4.591,446.959991,2024.189941,18978.30078
1.2302,100,7.841,7.42,4.585,449.470001,2003.640015,18975.09961
1.2287,100.28,7.814,7.51,4.561,450.149994,2019.130005,18875.48047
1.2314,100.3,7.773,7.5,4.566,454.970001,2040.939941,18931.49023
1.2297,100.31,7.777,7.49,4.574,455.339996,2054.22998,19121.11914
1.2303,100.25,7.8,7.46,4.589,458.799988,2069.899902,19163.42969
1.227,100.13,7.795,7.47,4.599,457.910004,2066.590088,19270.84961
1.2276,100.23,7.8,7.51,4.574,457.100006,2080.159912,19406.98047
1.2294,100.61,7.786,7.51,4.529,459.609985,2095.5,19340.66992
1.2229,100.15,7.827,7.5,4.534,459.679993,2102.25,19633.5293
1.2252,100.12,7.827,7.47,4.534,459.829987,2100.97998,19633.5293
1.2252,100.31,7.827,7.47,4.549,459.27,2100.97998,19726.75
1.2252,100.38,7.745,7.48,4.545,462.470001,2110.77002,19711.35938
1.2265,99.3,7.786,7.45,4.529,460.859985,2097.340088,19665.5293
1.2435,99.63,7.799,7.55,4.544,461.170013,2074.679932,19752.98047
1.2458,99.58,7.827,7.65,4.57,459.269989,2097.51001,19723.06055
1.2458,100.2,7.827,7.64,4.57,460.83,2079.189941,19723.06055
1.2426,100.67,7.877,7.64,4.57,459.109985,2068.919922,19723.06055
1.2384,101.35,7.813,7.65,4.64,460.709991,2072.899902,19684.03906
1.2421,100.88,7.868,7.68,4.689,460.339996,2051.459961,19616.10938
1.2378,101.37,7.85,7.74,4.719,460.679993,2058.199951,19519.46094
1.2396,100.03,7.882,7.68,4.704,460.829987,2053.409912,19444.91992
1.2517,100.03,7.822,7.7,4.684,461.679993,2062.080078,19501.44922
1.2511,100.09,7.776,7.6,4.639,461.660004,2061.76001,19548.4707
1.2557,98.67,7.794,7.6,4.599,461.640015,2059.679932,19410.00977
1.2538,98.4,7.68,7.57,4.619,465.970001,2064.139893,19331.16992
1.259,98.42,7.68,7.54,4.619,469.380005,2088.25,19331.16992
1.2563,99.11,7.684,7.52,4.689,470.049988,2081.389893,19241.32031
1.2564,99.53,7.698,7.57,4.629,469.709991,2085.620117,19223.31055
1.256,99.13,7.716,7.52,4.654,466.950012,2079.600098,19075.74023
1.2736,99.4,7.808,7.54,4.674,464.779999,2050.860107,18840.2207
1.2737,99.8,7.822,7.55,4.689,465.820007,2013.030029,17785.49023
1.2716,99.69,7.845,7.58,4.679,465.859985,2027.670044,18060.73047
1.2665,99.53,7.785,7.56,4.679,467.440002,2026.969971,18159.48047
1.27,99.43,7.743,7.53,4.656,468.320007,2040.790039,18070.83984
1.2697,99.4,7.616,7.42,4.644,470.390015,2030.560059,18104.34961
1.2715,98.42,7.634,7.42,4.629,468.51001,2026.680054,18752.88086
1.2673,99.55,7.593,7.43,4.629,470.420013,2024.819946,18649.82031
1.2622,99.19,7.638,7.41,4.646,470.399994,2047.439941,18739.4707
1.2641,99.41,7.67,7.46,4.67,472.790009,2038.459961,18604.30078
1.2596,99.85,7.457,7.45,4.651,478.649994,2077.939941,18538.9707
1.2558,99.36,7.507,7.39,4.636,481.140015,2085.080078,18667.23047
1.253,99.46,7.511,7.36,4.621,480.809998,2093.01001,18500.55078
1.2561,98.93,7.511,7.37,4.625,481.190002,2087.780029,18290.25
1.2575,98.91,7.572,7.36,4.625,480.190002,2117.800049,18099.55078
1.2615,98.93,7.618,7.36,4.63,481.459991,2127.560059,18291.34961
1.2649,98.73,7.595,7.44,4.606,481.649994,2118.959961,18313.85938
1.2692,98.48,7.504,7.44,4.596,482.549988,2128.330078,18138.4707
1.2726,98.34,7.442,7.44,4.566,484.540009,2135.48999,17991
1.2849,97.5,7.388,7.37,4.566,485.220001,2112.060059,17780.58984
1.2854,97.4,7.419,7.41,4.55,481.970001,2119.290039,18020.50977
1.2975,97.29,7.419,7.41,4.53,483.81,2101.97998,17956.48047
1.2898,97.08,7.432,7.43,4.505,482.720001,2101.820068,18096.25
1.2963,97.05,7.321,7.46,4.495,485.070007,2096.26001,18106.65039
1.2942,96.72,7.33,7.39,4.384,486.910004,2126.439941,17830.01953
1.2875,96.9,7.325,7.39,4.42,488.109985,2117.590088,17472.93945
1.2948,97.08,7.236,7.33,4.364,483.809998,2106.050049,16808.69922
1.2927,96.69,7.21,7.32,4.39,487.390015,2097.850098,17053.42969
1.2957,96.77,7.214,7.3,4.385,485.649994,2127.209961,16618.71094
1.296,95.28,7.289,7.33,4.365,485.130005,2116.639893,16963.17969
1.3163,94.14,7.356,7.36,4.305,485.420013,2094.159912,17039.61914
1.3357,92.87,7.4,7.35,4.25,485.630005,2069.949951,17040.7207
1.341,90.45,7.431,7.4,4.145,482.119995,2041.26001,16955.2793
1.3472,91.62,7.355,7.42,4.135,483.140015,2029.380005,16621.31055
1.3437,91.02,7.28,7.42,4.21,483.160004,1989.199951,16763.08008
1.321,90.9,7.218,7.4,4.19,489.570007,2008.849976,16358.37988
1.3259,90.67,7.174,7.38,4.11,490.049988,1974.140015,16477.64063
1.3224,90.77,7.077,7.34,4.145,492.890015,2022.5,16245.82031
1.3396,89.49,7.077,7.24,4.115,491.880005,1995.219971,16666.83008
1.3408,90.31,7.038,7.26,4.065,495.410004,2016.150024,16355.67969
1.3353,89.05,7.103,7.17,3.99,495.519989,1979.52002,16251.23047
1.3284,89.35,7.112,7.16,4.01,496.140015,1984.98999,16129.95996
1.3221,89.35,7.151,7.12,4.01,495.070007,1984.150024,16129.95996
1.3238,89.03,7.195,7.16,3.965,495.670013,1978.069946,15904.84961
1.3277,88.15,7.203,7.17,3.87,495.950012,1935.079956,15813.41016
1.3214,88.89,7.085,7.16,3.85,500.970001,1935.869995,15749.76953
1.3277,89.35,7.032,7.13,3.852,503.200012,1928.819946,16096.25
1.333,88.91,7.141,7.14,3.802,503.899994,1911.699951,16681.73047
1.3499,88.34,7.141,7.18,3.752,503.119995,1918.849976,16460.73047
1.3261,89.55,7.159,7.14,3.772,502.220001,1949.76001,16512.2207
1.3615,86.55,7.189,7.17,3.678,500.709991,1914.689941,16139.9502
1.355,85.85,7.132,7.15,3.53,501.850006,1934.959961,15381.29004
1.345,86.2,7.106,7.04,3.515,505.23999,1965.680054,15630.53027
1.3474,86.15,7.106,7.05,3.625,505.570007,1972.589966,15882.49023
1.3556,84.84,7.075,7.02,3.58,506.079987,1976.52002,15815.87012
1.355,83.85,7.092,7.02,3.555,506.420013,1978.709961,15719.5
1.3342,83.9,7.096,7.1,3.655,507.01001,1980.810059,16163.08984
1.3365,83.53,7.074,7.13,3.675,505.529999,1979.26001,16268.87988
1.3328,83.75,7.048,7.13,3.72,507.170013,1991.079956,16344.91992
1.3488,83.5,7,7.08,3.567,509.230011,1982.98999,16438.78906
1.3488,83.3,7,7.08,3.402,508.49,1982.98999,16047.88965
1.3488,81.95,7.021,7.08,3.365,506.130005,1982.98999,16304.15039
1.363,80.63,7.021,7.06,3.315,505.369995,1954.619995,16225.11035
1.3701,81.35,7.034,7.04,3.43,504.920013,1943.880005,16376.08008
1.3552,83.17,6.999,7.1,3.389,505.290009,1955.329956,16643.06055
1.3512,82.73,6.994,7.07,3.475,508.48999,1987.699951,16968.24023
1.3589,83.03,6.986,7.09,3.435,512.890015,1978.969971,16804.05078
1.3661,81.83,6.986,7.05,3.445,512.099976,2007.569946,16910.53906
1.3499,83.8,6.994,7.04,3.405,512.659973,2028.52002,16826.49023
1.3581,83.66,7.025,7.01,3.45,513.549988,2024.25,16883.99023
1.3521,84.34,7.046,7,3.475,514.710022,2017.949951,16806.75
1.3459,83.5,7.072,7,3.53,514.26001,2017.949951,16811.46094
1.3578,83.62,7.024,7.05,3.49,514.859985,2036.469971,17088.66016
1.3585,83.7,6.941,7.04,3.49,520.47998,2037.98999,17088.66016
1.3643,83.89,6.833,6.98,3.49,520.539978,2034.150024,17088.66016
1.3648,83.97,6.666,6.95,3.49,520.119995,2021.219971,17088.66016
1.3648,83.26,6.674,6.91,3.438,523.960022,2030.650024,17103.68945
1.3691,83.37,6.581,6.92,3.385,523.559998,2050.659912,16958.2207
1.3578,83.81,6.636,6.83,3.375,524.359985,2064.409912,16826.49023
1.3355,85.72,6.673,6.86,3.325,524.369995,2086.409912,16461.73047
1.312,86.75,6.665,6.91,3.425,525.549988,2102.399902,16420.75977
1.3115,86.45,6.617,6.88,3.42,527.73999,2092,16609.69922
1.3144,86.65,6.552,6.86,3.4,528.190002,2109.360107,16388.90039
1.3132,86.88,6.526,6.8,3.365,527.070007,2088.98999,16471.34961
1.2958,86.87,6.604,6.82,3.34,519.580017,2083.800049,16312.55957
1.3098,86.86,6.599,6.85,3.275,519.190002,2064.419922,16140.84961
1.3019,87.38,6.612,6.83,3.23,523.650024,2096.870117,15789.12012
1.3077,87.16,6.551,6.82,3.2,528.590027,2083.550049,15916.15039
1.3099,87.16,6.427,6.77,3.175,528.609985,2105.879883,15970.75
1.3398,84.84,6.38,6.77,3.095,528.590027,2105.879883,15579.44043
1.3605,82.91,6.388,6.69,3.04,523.650024,2065.709961,15694.25
1.3605,82.8,6.388,6.71,3.065,535.6,2069.26001,15574.03027
1.3552,82.92,6.294,6.67,2.98,523.580017,2081.459961,15762.96973
1.3374,84.62,6.286,6.65,2.865,533.400024,2099.949951,15436.79004
1.3289,84.81,6.185,6.62,2.9,533.48999,2119.23999,15594.57031
1.343,84.33,6.08,6.62,3.005,532.51001,2132.719971,15849.12988
1.3455,84.78,6.059,6.62,2.94,535.599976,2132.719971,15897.32031
1.3357,84.77,6.076,6.51,2.86,535.549988,2154.169922,15660.99023
1.3416,84.97,6.159,6.51,2.905,533.130005,2136.719971,15679.62012
1.331,84.55,6.201,6.56,2.975,532.349976,2137.209961,15442.29981
1.3495,84.34,6.379,6.62,2.955,527.940002,2107.159912,15044.17969
1.3435,84.06,6.366,6.77,3.005,530.880005,2127.790039,14813.45996
1.3414,84.68,6.125,6.77,2.97,536.049988,2124.25,14599.67969
1.3501,84.34,6.129,6.67,3.025,536.469971,2124.840088,14660.49023
1.3387,84.58,6.158,6.67,3.075,537.119995,2124.840088,14867.25977
1.3466,84.7,6.196,6.81,3.055,539.830017,2125.060059,14703.16992
1.3479,84.62,6.108,6.74,3.005,545.219971,2154.129883,14700.05957
1.3543,84.53,6.141,6.69,2.995,544.97998,2140.360107,14665.7002
1.3547,84.05,6.116,6.66,2.915,543.97998,2144.879883,14951.20996
1.3628,84.49,6.016,6.68,2.83,551.070007,2162.389893,14926.37012
1.3617,84.33,6.045,6.71,2.79,549.710022,2138.219971,15265.17969
1.3541,84.29,6.09,6.81,2.785,544.130005,2137.360107,15145.36035
1.3617,84.22,6.132,6.82,2.755,542.429993,2128.98999,14759.04981
1.3569,85.56,6.094,6.82,2.785,544.72998,2091.300049,14618.07031
1.3572,84.33,6.25,6.81,2.71,543.869995,2094.679932,14507.16992
1.3605,84.63,6.203,6.93,2.785,544.75,2089.040039,14517.40039
