0.8317,228,1.5586,100,100,100,100,120.4,502.1,7918.82,385.42,382.35,35.4
0.8195,237.42,1.5553,102.79,101.36,100.64,99.56,113.11,515.47,7548.51,384.61,361.89,29.75
0.8135,248.37,1.5683,106.05,103.83,103.36,103.43,111.96,525.67,7260.48,390,322.18,29.4
0.8384,235.99,1.642,107.96,106.95,104.18,104.66,116.44,518.19,7390.71,393.26,357.06,33.5
0.8255,243.91,1.6642,107.76,108.94,102.39,105.57,111.88,512.21,7325.65,389.12,322.05,35.1
0.791,255.97,1.6696,108.2,107.94,100.58,104.08,109.61,501.1,7213.87,373.24,312.05,33.5
0.8025,256.28,1.6655,112.41,107.57,102.25,106.69,107.09,508.5,7122.08,373.78,345.99,32.88
0.7846,260.22,1.666,117.71,110.19,102.4,109.8,119.51,502.95,7123.38,384.16,413.34,32.25
0.7753,268.54,1.679,123.67,112.87,102.79,112.19,120.41,526.92,6910.73,388.34,396.59,34.6
0.7658,277.35,1.6865,129.77,116.25,102.14,113.94,133.71,511.58,7259.15,414.26,419.13,34.53
0.7903,252.86,1.6801,133.08,117.72,105.38,114.54,138.54,518.53,7895.62,430.3,433.46,32.65
0.8228,234.15,1.6511,133.93,119.88,109.94,115.53,140.64,552.77,8016.67,450.25,446.71,31.75
0.7938,239.75,1.5988,133.93,122.07,106.98,115.35,145.3,549.06,8103.47,460.12,498,29.28
0.8012,238.65,1.6573,135.13,122.86,110.96,115.72,148.06,602.48,8085.57,477.83,407,27.75
0.8054,238.85,1.6779,137.76,125.09,111.18,113.92,152.96,661.42,8478.7,480.88,413,27.98
0.7932,237.85,1.6438,139.33,125.16,112.52,114.93,164.42,706.99,8636.56,501.14,427,30
0.7671,239.05,1.6239,138.92,125.24,112.02,114.4,162.39,675.68,8617.57,487.94,437,29.6
0.77,239.6,1.6183,137.07,123.9,113.91,114.03,168.11,719.72,8870.95,499.61,415,30.5
0.7294,242.8,1.5763,135.28,124.03,113.2,115.05,166.64,737.69,9078.75,517.12,422,31.05
0.7262,245,1.586,135.8,123.47,112.59,113.55,164.4,698.36,9189.43,505.48,413,31.05
0.7461,235.55,1.5757,137.95,123.64,115.7,114.42,166.07,719.27,9402.59,507.72,403,29.6
0.7365,233.8,1.5928,138.87,125.92,116.4,115.83,163.55,753.77,9356.79,528.04,382,29.6
0.7231,232.35,1.5663,139.18,126.79,118.36,116.32,166.4,753.48,9320.24,552.8,396,28.85
0.7178,231.4,1.5639,140.55,126.95,120.27,117.12,164.93,773.95,9893.82,586.8,380,28.7
0.6997,234.65,1.5645,141.69,127.84,120.47,116.67,163.41,807.23,10196.1,583.13,371,30
0.7491,233.25,1.6319,140.88,130.19,121.32,116.47,157.06,766.17,10030.7,571.46,395,29.8
0.7513,224.1,1.6229,139.9,131.83,123.79,116.98,159.18,774.29,10929.17,574.62,388,30.05
0.7167,226.8,1.6145,137.84,132.72,124.15,116.71,160.43,776.05,10981.68,595.45,375,29.65
0.7183,231.05,1.618,136.77,132.11,121.74,115.92,150.55,739.64,9940.14,570.17,383,29.85
0.7009,238.7,1.6391,139.01,133.77,123.68,117.13,153.18,763.32,10377.97,567.76,373,28.3
0.671,244.25,1.6639,143.57,134.69,122.47,116.57,150.66,717.45,9998.5,563.35,341,26.35
0.6715,241.55,1.6309,148.34,136.38,125.86,117.33,166.68,751.06,10584.2,591.11,347,27.85
0.6395,246.5,1.6127,151.93,138.87,128.11,117.32,166.1,799.01,10649.25,599.15,343,28.5
0.6537,245.77,1.6096,156.25,142.22,130.82,117.32,166.09,802.27,11252.98,605.66,333,27.6
0.6285,247.4,1.6068,159.59,144.79,134.07,118.71,163.58,811.13,11428.9,608.47,327,27.25
0.621,250.4,1.6124,161.57,147.4,134.69,119.32,166.26,820.91,11542.6,621.13,308,26.5
0.6161,254.75,1.6541,163.32,147.41,137.02,118.92,179.63,838.15,11992.31,662.14,303,28.2
0.5827,259.4,1.671,163.4,145.73,132.05,117.69,181.19,855.38,12321.92,663.03,290,27.35
0.6276,251.65,1.6494,164.99,145.81,134.63,118.63,180.66,858.93,12580.76,663.43,328,28.1
0.6215,251.5,1.6414,169.79,149.31,135.61,119.97,179.83,873.15,12426.29,688.23,324,27.15
0.6401,251,1.6464,175.87,152,138.56,120.6,189.55,950.62,12758.46,714.59,312,27
0.6428,248.43,1.6407,179.99,153.82,140.13,120.76,191.85,1018.49,12882.09,758.15,315.5,26.7
0.6936,236.8,1.6027,181.04,156.57,141.67,121.24,190.92,986.01,12232.27,772.57,326,27
0.6882,238.85,1.6072,182.11,159.37,142.82,122.44,188.63,1081.68,12713.15,814.36,334.5,27.8
0.7379,216.8,1.6025,184,162.2,148.9,123.24,182.08,1142.65,12700.11,778.17,325,28.45
0.7508,211,1.6063,188.24,161.11,142.13,124.37,189.82,1295.79,12936.47,868.41,324.5,29.05
0.7758,202.07,1.6199,194.71,161.04,144.99,125.33,202.17,1251.79,12763.27,937.65,325,29.2
0.7998,200.7,1.6465,199.85,163.91,150.12,126.47,211.28,1366.23,13083.18,1028.5,325.5,26.3
0.815,191.5,1.6675,204.78,165.81,150.9,127.07,211.78,1387.12,13024.3,976.66,352,18.4
0.8814,180.05,1.6553,214.67,167.72,156.37,128.85,226.74,1357.34,13640.83,955.25,336.5,16.5
0.8378,179.65,1.6314,225.8,171.73,165.6,130.04,238.9,1481.63,15859.75,1032.47,344,10.25
0.8877,168.85,1.6378,230.16,176.92,165.68,129.73,235.52,1507.32,15825.5,1037.18,343,12.5
0.8417,174.66,1.6265,230.38,173.38,161.95,129.03,247.35,1380.47,16670.77,1029.89,341.5,13.5
0.899,162.39,1.5964,233.52,173.2,164.83,129.25,250.84,1357.45,17654.19,1011.94,343.5,11.1
0.9387,153.65,1.5677,236.62,175.16,160.6,130.66,236.12,1288.6,17509.71,932.96,352,9.25
0.9662,153.93,1.5768,235.63,178.24,162.09,132.88,252.93,1497.5,18533.68,1032.5,387.5,14.45
0.9678,154.22,1.589,234.56,176.91,156.93,132.78,231.32,1408.02,17852.86,992.23,420,13.8
0.9479,163.24,1.6237,236.74,175.64,157.52,134.15,243.98,1426.32,16910.63,1045.43,401.5,13.95
0.9949,161.85,1.6287,240.54,175.48,161.06,134.52,249.22,1466.28,18083.02,1081.76,384.5,14.65
1.0165,158.05,1.6411,242.95,178.58,162.26,135.31,242.17,1432.25,18820.65,1085.56,389,17.85
1.0819,153.73,1.6496,243.23,180.61,166.4,136.87,274.08,1294.45,20048.35,1049.7,410,18.4
1.0677,153.2,1.6465,243.61,181.53,169.41,136.62,284.2,1244.36,20421.66,1007.2,405,16.05
1.0741,146.35,1.634,240.15,183.58,175.52,136.79,291.7,1301.71,21566.66,1024.1,418,18.5
1.0972,141.2,1.6062,233.41,186.79,180.55,137.27,288.36,1308.14,23274.83,1006.1,454,18.35
1.0668,143.79,1.6218,232.97,188.87,182.58,137.42,290.1,1316.43,24772.39,1001.4,449.5,18.65
1.0699,146.69,1.6231,235.57,186.25,175.64,138.39,304,1382.56,24176.4,1045.4,446.5,18.95
1.0493,150.12,1.6186,234.63,183.75,166.06,139.17,318.66,1510.54,24488.11,1121.7,461.5,20
1.0791,141.95,1.6131,230.25,182.48,166.09,138.9,329.79,1537.81,26029.22,1127,451.5,18.65
1.0586,147,1.6277,228.04,181.26,159.09,136.89,321.83,1500.17,26010.88,1173.2,458,18.6
1.1423,138.32,1.6171,233.86,180.1,158.16,139.28,251.79,1177.38,22765.04,884.3,464,18.8
1.1872,132.3,1.6041,238.84,186.64,166.96,142.22,230.3,1022.84,22686.78,786,494,17.7
1.2412,121.1,1.5832,241.43,187.64,167.79,141.91,247.08,1000,21564,769.4,484,17.95
1.1561,128.05,1.5932,247.91,187.49,171.01,142.34,257.07,935.57,23622.32,765,466,16.25
1.1611,128.45,1.6132,251.09,190.81,171.71,142.96,267.82,1079.55,25242.81,828.7,423,14.7
1.1816,124.34,1.6094,249.23,192.99,170.43,143.46,258.89,1063.17,26260.26,812.3,456,15.75
1.1679,125.16,1.6275,246.94,192.8,175.16,145.41,261.33,1054.46,27434.12,822.2,448,16.85
1.1334,125.33,1.6332,248.47,190.31,172.69,143.82,262.16,1083.31,27416.7,822.2,453,16.15
1.0749,133.87,1.6211,250.97,192.51,171.09,143.99,273.5,1140.49,27769.4,869.4,435.5,14.2
1.0424,133.17,1.6293,250.66,191.23,171.95,142.78,272.02,1181.72,27911.63,884.7,431,15.8
1.0441,136.64,1.6501,253.14,191.14,166.56,143.35,261.52,1165.36,27365.95,885.5,426.5,14.35
1.0516,133.71,1.6535,258.1,194.55,171.18,144.61,271.91,1252.69,27923.67,910.9,394,11.8
1.0945,125.65,1.648,260.31,197.99,179.55,146.28,278.97,1300.79,27982.54,936.4,411,12.4
1.129,122.07,1.6376,261.39,199.05,181.91,145.51,273.7,1275.99,29578.9,921.7,420,14.6
1.1031,124.95,1.6564,264.01,198.9,182.73,145.99,280.67,1327.87,30159,942.5,408,16.35
1.0502,130.53,1.6656,267.73,197.69,182.83,141.98,299.63,1312.73,31581.3,964.4,393.5,16.6
1.0657,126.83,1.6682,265.38,195.74,180.93,140.57,293.87,1288.66,31985.6,955.6,385.5,17.2
1.0394,132.41,1.7145,267.23,196.55,181.9,140.33,297.16,1322.66,32838.68,998.1,381,19.4
1.0404,132.77,1.7408,272.89,199.5,180.53,138.84,307.61,1370.9,33713.35,1035.1,380,19.2
0.986,142.29,1.6886,279.25,198.95,178.86,137.23,326.95,1407.29,34266.75,1005.3,362.5,18.25
1.0141,143.96,1.6801,290.55,203.07,177.26,139.94,324.91,1473.72,32948.69,1094.5,370,18.1
1.0489,136.96,1.684,294.16,205.47,183.1,140,349.41,1554.16,34953.87,1164.5,367,17.3
0.9892,144.58,1.686,292.09,204.2,183.04,139.79,348.35,1597.85,34431.2,1209.4,358.5,17.3
1.0436,139.63,1.695,292.91,202.89,182.76,139.25,358.78,1574.37,35636.76,1176.7,367,18.4
1.0642,142.74,1.7149,301.07,203.39,179.85,139.79,334.81,1472.76,35549.44,1107.8,375,19.4
1.0978,142.93,1.7487,302.72,201.87,180.56,139.54,347.59,1577.43,37268.79,1140.9,405,18.45
1.1563,143.72,1.7839,303.87,203.01,178.78,138.08,352.2,1790.37,38915.87,1137.9,399,20.95
1.1638,144.49,1.7426,296.16,199.56,168.64,135.24,333.75,1823.44,37188.95,1102.3,416,20.5
1.139,148.82,1.7188,299.05,190.09,165.89,133.55,336.95,1809.92,34591.99,1096.2,407.5,19.45
1.1485,157.36,1.7325,299.02,194.15,163.76,133.21,340.08,1968.55,29980.45,1079.6,370,18.05
1.1654,158.74,1.6913,294.13,191.23,170.57,133.05,340.53,1813.25,29584.8,1044,370,16.65
1.155,152.65,1.6488,303.04,193.82,176.98,136.81,363.15,1844.81,33130.8,1173.6,362,15.75
1.1792,152.19,1.6634,308.41,195.16,174.6,138.8,358.42,1879.9,31940.24,1199.8,350.5,16.45
1.2288,146.1,1.6619,310.86,198.93,170.69,140.29,334.83,1919.2,31035.66,1178.1,367.5,19.35
1.2344,143.86,1.6229,302.95,195.68,165.17,136.74,323.4,1629.51,25978.37,1018.8,387,26.4
1.2602,138.24,1.6299,305.79,194.85,162.1,137.82,311.5,1334.89,20983.5,894.5,402.5,41.1
1.2971,129.89,1.6635,310.95,197.57,173.41,138.66,306.01,1433.82,25194.1,925.6,377,35.45
1.292,133.15,1.6652,320.73,200.58,177.99,138.74,327.75,1441.23,22454.63,901.3,384,30.3
1.3084,135.62,1.6677,324.65,200.69,182.14,138.92,315.44,1398.23,23848.71,908.3,384,28.85
1.3229,131.43,1.6634,328.54,205.83,184.69,141.81,356.52,1420.08,23293.14,924.8,369,21.15
1.2807,132.95,1.6977,332.18,211.35,186.24,144.05,375.91,1542.09,26409.22,1017.9,362,19.5
1.1471,141.17,1.669,332.26,211.06,183.84,145.78,375.36,1522.8,26292.04,1059.1,352,18
1.1391,136.31,1.6533,335.32,214.09,184.08,147.34,377.32,1605.79,26111.25,1073.7,351.5,19.6
1.1246,138.46,1.6662,336.7,216.47,186.23,150.58,379.43,1704.11,25789.62,1123.4,360,18.9
1.0779,137.89,1.6795,334.85,215.15,184.46,149.53,374.08,1622.18,23290.96,1091.4,365.5,18.65
1.1209,137.39,1.7959,339.02,214.38,189.1,149.81,390.56,1622.31,24120.75,1123.3,361.5,19.75
1.1183,136.82,1.7826,347.65,218.96,193.03,149.27,389.1,1650.5,22335.87,1122.5,346,20.75
1.1762,132.77,1.7431,353.9,221.15,197.4,149.39,379.5,1607.03,23916.44,1078.8,349,21.4
1.1731,130.56,1.7186,355.34,222.64,199.74,145.49,393.72,1582.06,25222.28,1078.8,357,22.25
1.2028,130.03,1.7276,356.7,225.22,201.47,147.27,379.1,1566.57,22687.35,1040.2,365,19.9
1.2897,124.93,1.7473,369.57,230.06,207.83,150.8,417.4,1577.98,22983.77,1052.8,352,17.75
1.2167,125.56,1.7383,364.82,233.58,208.64,152.99,411.09,1687.49,22023.05,1111.5,352.5,18.4
1.1942,129.2,1.7724,366.4,236.12,209.18,154.16,404.44,1745.13,21338.81,1149.6,352,17.55
1.1889,133.1,1.7845,365.23,235.41,211.2,151.11,398.06,1717.86,19345.95,1138.9,340,18.25
1.1835,133.42,1.7958,366.43,236.96,205.69,151.85,415.85,1734.03,17390.71,1169.6,334.5,19.8
1.2167,127.67,1.773,372.91,239.43,208.89,149.86,413.48,1803.22,18347.75,1203.6,336,21
1.2842,125.92,1.7653,376.71,237.84,212.26,149.91,409.16,1752.63,15951.73,1175,342,20.5
1.3212,127.34,1.7424,387.1,239.12,217.26,150.96,418.88,1615.42,15910.28,1135.5,356,20.35
1.3906,123.23,1.7566,390.06,244.91,220.51,152.56,417.08,1541.25,18061.12,1096,338.5,19.8
1.3839,119.98,1.792,393.41,252,223.42,158.87,404.25,1466.36,17399.08,1145.8,347.5,20.25
1.268,123.2,1.7489,390.03,255.41,225.66,163.86,417.58,1492.32,16767.4,1152.8,337.5,19.32
1.2271,124.38,1.7634,392.62,257.67,225.84,164.16,435.31,1544.34,17683.65,1151.3,332.5,18.94
1.2073,124.83,1.7685,400.49,261.49,228.3,169.76,430.73,1545.05,16924.95,1238.6,331.5,18.02
1.2155,124.75,1.8662,406.49,263.82,232.02,171.5,448.93,1571.85,17023.78,1264.2,329,18.57
1.1919,118.06,1.8197,415.33,272.57,241.6,177.27,446.11,1684.35,16953.35,1286.8,327.5,18.98
1.213,114.91,1.8129,419.89,273.87,233.55,181.02,442.73,1684.21,18591.45,1343.8,335.5,18.81
1.2312,111.22,1.7655,422.24,273.76,232.23,180.19,442.31,1627.19,20919.18,1323.7,352.5,19.03
1.2324,107.14,1.7466,423.43,274.98,230.81,182.09,447.69,1631.85,20552.35,1414.1,380.5,18.5
1.1477,106.8,1.7337,432.43,279.22,234.62,184.72,442.83,1697.63,19590,1493.6,377.5,17.32
1.1236,104.88,1.7998,437.75,282.76,240.97,186.03,448.68,1803.23,20380.14,1517.95,403,16.73
1.1661,104.71,1.7267,453.15,289.41,245.62,187.22,458.52,1944.89,21026.6,1573.66,369,16.82
1.195,106.15,1.7826,457.33,294.27,251.78,189.16,459.18,1915.71,20105.71,1562.52,351.5,17.27
1.1641,108.48,1.7288,461.19,299.15,255.51,192.63,459.57,2069,19702.97,1703.99,368,15.57
1.1397,109.13,1.7118,453.81,300.88,258.7,193.16,466.76,2057.77,16406.54,1738.63,369.5,14.51
1.1264,111.61,1.6726,456.45,305.38,262.63,195,469.9,2266.68,17417.24,1867.84,389,13.38
1.1213,109.01,1.6443,461.4,305.28,250.84,195.26,471.76,2177.45,20229.12,2007.47,376.5,14.89
1.1459,104.15,1.6364,450.35,298.28,249.42,192.81,466.91,2091.57,19997.2,1850.25,378.5,13.41
1.1715,102.75,1.6552,440.25,298.72,248.77,191.22,450.88,2133.11,19111.92,1805.41,387.5,13.66
1.1803,101.48,1.6613,439.6,294.28,250.41,188.69,447.82,2245.98,19725.25,1781.13,374,15.47
1.1899,104.66,1.6692,438.4,290.49,255.24,188.7,458.21,2127.7,20973.59,1789.92,384,16.51
1.2288,98.64,1.6443,436.52,292.52,248.85,185.58,448.38,2025.34,20643.93,1729.02,383.5,18.29
1.231,100.18,1.6564,445.2,294.33,247.55,187.09,457.09,2146.64,20449.39,1709.83,382.5,18.81
1.2392,100.17,1.6482,446.37,290.78,241.72,184.66,470.96,2212.85,20628.53,1750.32,385,16.1
1.2605,98.97,1.6233,439.59,286.51,246.68,184.08,455.1,2011.75,19563.81,1683.39,394,17.1
1.2973,96.95,1.6319,438.91,288.4,245.56,185.04,463.07,2071.63,19989.6,1660.83,386,17.2
1.2455,98.95,1.6546,440.56,292.83,248.41,188.13,451.23,2048.26,19075.62,1708.79,381.5,17.25
1.2619,99.77,1.6514,446.81,290.56,251.74,189.44,460.68,2106.58,19723.06,1725.53,381.5,16.22
1.2907,98.95,1.6469,454.42,296.05,251.73,189.66,480.81,2021.27,18649.82,1661.29,374.5,17.04
1.3356,96.7,1.6578,464,299.85,256.68,191.1,482.12,2102.18,17053.43,1700.4,374.5,17.45
1.4291,86.4,1.6926,467.15,304.33,270.09,194.27,506.42,1922.59,16139.95,1640.85,385,17.88
1.415,84.02,1.616,472.8,309.22,274.69,198,520.12,2015.94,16806.75,1697.36,388,19.88
1.3841,84.64,1.6161,495.15,317.65,287.32,200.74,533.13,2092.17,15436.79,1818.18,383,17.83
1.4131,84.9,1.6263,499.1,314.09,289.63,201.12,555.99,2083.93,14517.4,1866.53,386,16.56
1.4166,88.45,1.6243,493.18,324.67,285.43,203.5,560.03,2218.74,16677.53,1871.33,381.5,16.12
1.3315,97.4,1.6379,503.78,329.81,281.39,205.75,570.29,2238.31,18117.22,1909.9,380.5,16.3
1.3756,99.83,1.5799,511.17,333.37,290.31,210.23,582.49,2187.04,17913.06,1966.95,382.5,16.47
1.3857,101.98,1.5784,518.95,339.65,288.85,214.22,586.32,2167.91,17654.64,2009.29,381,16.59
1.3586,102.01,1.5856,528.1,348.83,291.3,219.61,616.17,2242.83,18744.42,2085.66,386.5,17.22
1.3672,103.38,1.5745,537.05,351.79,288.02,218.94,616.71,2253.88,19868.15,2123.43,385.5,19.1
1.3148,107.05,1.5987,537.04,358.81,285.16,213.9,649.93,2470.14,20812.74,2122.27,401.5,16.84
1.3305,105.22,1.596,525.02,348.76,281.13,215.35,653.65,2473.55,20125.37,2177.74,399,18.71
1.3261,107.28,1.5774,522.13,350.24,287.03,216.51,642.19,2485.87,21406.85,2325.46,395.5,20.72
1.2742,105.03,1.5864,519.38,355.7,283.35,218.7,638.26,2505.25,22041.3,2352.06,388.5,19.52
1.28,108.08,1.6319,517.07,355.16,288.5,213.76,670.28,2542.8,21956.19,2299.26,389.5,18.16
1.2844,109.73,1.675,523.51,352.47,289.48,214.81,657.44,2561.39,22530.75,2407.04,380,19.24
1.3278,106.88,1.5838,523.39,358.2,288.36,217.16,664.16,2473.35,20692.83,2251.89,384,19.22
1.3224,108.88,1.5856,522.71,362.19,296.45,220.11,655.68,2543.83,20166.9,2342.99,386,21.38
1.2816,111.37,1.6716,531.76,369.89,298.23,224.29,703.37,2651.85,21556.4,2393.95,379,23.35
1.2923,114.05,1.626,543.84,373.69,305.45,226.68,727.64,2659.25,20466.86,2394.05,378,22.68
1.2742,113.87,1.6554,556.17,381.86,307.97,226.76,739.6,2845.52,21020.36,2492.21,370.5,23.61
1.2713,115.88,1.6977,550.03,382.5,303.38,229.33,748.41,2888.69,19361.35,2511.88,368,23.99
1.1941,121.9,1.6986,547.78,386.85,308.2,229.09,789.56,3035.15,18330.01,2728.33,343,23.23
1.1559,120.8,1.7826,550.55,393.51,309.08,236.8,804.97,3259.64,18557,2851.56,359.5,19.2
1.1628,123.8,1.6934,544.51,386.26,312.29,232.4,762.14,3429.05,18003.4,2946.25,348,18.62
1.1295,126.91,1.6632,551.96,390.41,310.81,235.18,820.28,3438.07,19151.12,3094.65,338,18.25
1.1497,116.1,1.6212,556.81,389.56,305.86,238.62,858.01,3547.84,20068.81,3195.56,344,19.34
1.123,114.38,1.6355,564.38,398.06,310.94,240.6,912.2,3785.77,20604.96,3548.37,333,18.57
1.0679,118.36,1.6126,583.13,400.21,316.99,240.24,951.19,4438.93,20331.43,3752.66,325,19.19
1.086,120.27,1.6149,576.31,396.68,320.72,239.06,929.05,3906.03,18229.42,3378.83,323.5,18.37
1.1075,121.11,1.6867,586.88,399.13,323.77,239.06,954.6,4167.85,17887.71,3626.07,326.5,19.84
1.1323,120.33,1.5899,598.7,396.22,331.63,238.92,924.1,3726.69,16458.94,3474.77,312,19.8
1.1088,127.59,1.5815,605.49,399.47,328.61,240.43,955.2,3949.14,16636.26,3634.65,294.5,19.08
1.0925,130.1,1.5885,613.82,405.85,329.63,246.32,978.2,4249.69,15258.74,3898.15,288,16.41
1.0726,127.17,1.5778,621.08,414.97,328.59,250.78,988,4440.38,16628.47,4078.41,300.5,15.83
1.0803,126.21,1.5819,619.83,419.05,331.8,253.87,1050.4,4709.83,16831.67,4426.14,294.5,13.74
1.0602,133.03,1.6124,622.12,418.47,332.81,251.76,1110.8,5102.35,16527.17,4716.64,299,13.92
1.0912,131.98,1.635,624.81,416.31,337.03,248.14,1118.4,5107.44,15641.26,4657.6,310,14.22
1.0959,138.68,1.6233,633.77,422.9,344.32,251.57,1090.3,5569.08,15670.78,4823.96,291.5,14.41
1.0817,139.15,1.6429,643.62,427.04,340.66,249.9,1143,5897.44,15830.27,4932.36,294.5,12.14
1.0985,144.45,1.6394,643.41,431.21,342.77,252.65,1122.9,5873.92,16378.97,5146.74,292,12.66
1.1074,141.7,1.6555,662.48,444.98,349.68,256.86,954.5,4833.89,14107.89,4216.71,274.5,12.08
1.1682,136.41,1.6194,680.86,451.3,364.11,258.36,1025,4474.51,13406.39,3692.44,292.5,14.82
1.1826,116.68,1.5963,675.36,450.65,362.66,262.46,1105.7,4671.12,13564.51,4143.33,292,12.4
1.1543,122.96,1.6163,681.74,456.42,356.14,264.9,1162,5022.7,14883.7,4462.95,294.5,10.27
1.169,112.6,1.6182,683.74,461.92,327.26,266.01,1245,5002.39,13842.17,4497.12,286.5,10.48
1.1359,115.99,1.6099,686.2,464.92,331.45,265.97,1282,5180.29,14499.25,4532.24,284,11.53
1.0986,119.57,1.5898,668.32,458.49,334.57,266.89,1236,4903.96,14367.54,4470.42,285.5,10.65
1.0848,118.78,1.5973,669.32,457.51,340.57,266.46,1294.5,4865.27,15836.59,4539.26,278.5,15
1.0575,119.55,1.6112,671.2,463.37,349.25,267.96,1335,5360.44,16701.53,4714.57,282.5,16.79
1.0425,121.54,1.5935,667.23,458.01,349.01,265.43,1296,5068.59,16111.65,4494.29,268.5,14.9
1.0362,121.15,1.6034,664.26,445.98,339.01,260.19,1382.5,5378.52,17529.74,4530.85,260,17.48
1.0692,115.26,1.5979,662.64,441.26,341.54,260.26,1331,5101.87,17861.86,4531.51,255.5,19.58
1.0569,109.66,1.6024,667.23,440.13,338.4,258.34,1320.1,5270.77,17436.56,4607.21,253.5,21.35
1.0645,105.86,1.5978,671.44,434.54,344.09,255.23,1294.2,5149.83,17605.46,4570.61,298,24.04
1.0485,104.13,1.6016,670.26,432.49,342.29,253.27,1375.5,5525.4,17942.08,4705.24,295.25,21.63
1.0062,102.07,1.6032,667.95,435.49,342.3,253.29,1390.5,5896.04,18558.23,4877.5,288.9,24.98
1.0042,102.3,1.6063,666.15,435.15,347.01,252.8,1484,6958.14,18934.34,5022.86,288.5,25.73
0.9759,107.33,1.6094,667.29,427.47,345.95,249.07,1400,6835.6,19539.7,4717.22,281.05,26.91
0.9644,109.88,1.6066,684.9,433.81,343.63,248.67,1373,7644.55,19959.52,4750.92,291,29.01
0.9576,102.47,1.5914,693.94,441.89,345.43,244.31,1517,7599.39,20337.32,5075.78,273.85,24.84
0.9189,108,1.5855,688.87,442.98,346.32,246.47,1461,7414.68,17973.7,5075.8,274.45,24.1
0.931,108.71,1.5709,688.64,446.06,349.28,245.98,1422.8,7109.67,16332.45,5269.66,270.25,28.5
0.9547,106.08,1.5575,704.22,447.44,347.43,249.49,1470,6898.21,17411.05,5293.34,286.4,32.14
0.927,109.67,1.5465,708.63,450.55,349.88,252,1438,7190.37,15727.49,5504.14,275.35,26.47
0.8881,106.67,1.5468,725.54,450.21,345.21,253.67,1517.68,7216.45,16861.26,5681.82,272.85,34.75
0.8841,107.86,1.5256,724.9,453.63,346.77,253.46,1455,6798.12,15747.26,5423.6,272.6,29.5
0.8486,109.12,1.5254,730.22,456.78,347.82,255.14,1409.4,7077.44,14539.6,5572.9,261.9,31.25
0.8693,110.93,1.5099,748.1,461.41,353.66,258.57,1322,6372.33,14648.51,5533.21,265.15,32.52
0.9389,114.33,1.5216,767.86,469.66,353.87,263.64,1330,6433.61,13785.69,5621.13,271.15,22.38
0.9312,116.36,1.5289,769.65,474.34,357.79,265.12,1372.5,6795.14,13843.55,5564.09,264.25,27.04
0.9204,117.31,1.54,784.43,479.03,362.28,264.79,1238,6208.24,12883.54,5320.82,263.95,25.45
0.8788,125.54,1.5247,787.64,485.33,364.61,269.23,1177,5829.95,12999.7,4952.28,257.1,24.36
0.886,123.62,1.533,769.76,473.71,363.32,265.34,1252.6,6264.51,13934.32,5064.11,261.6,27.37
0.8456,118.87,1.5204,770.24,471.13,366.31,266.67,1255.5,6123.26,13262.14,5183.45,263.7,29.03
0.8472,124.72,1.5221,772.72,480.48,368.08,270.03,1231.5,6058.38,12969.05,5006.54,268.35,26.32
0.8752,124.97,1.5123,792.64,482.77,364.47,271.35,1209,5861.19,11860.77,4735.11,263.95,24.79
0.9085,118.74,1.516,808.37,489.16,363.78,273.23,1138.5,5188.17,10713.51,4540.71,273.95,26.51
0.9099,119.22,1.4726,824.91,492.06,363.27,275.5,1043.5,4308.15,9774.68,4085.51,288.65,21.83
0.8993,122.54,1.4706,847.31,505.75,366.27,282.45,1057,4559.13,10366.34,4137.99,278.5,20.13
0.896,123.22,1.4705,823.72,500.62,365.32,277.8,1137,4989.91,10697.44,4260.27,272.7,18.43
0.8825,131.29,1.4813,805.77,492.15,368.06,272.22,1161.02,5160.1,10542.62,4382.94,275.75,19.86
0.8592,134.07,1.4773,813.89,493.85,362.66,271.7,1130.2,5107.61,9997.8,4265.15,279.7,19.1
0.8659,133.99,1.4743,824.16,493.97,362.57,272.13,1106.73,5039.08,10587.83,4332.86,294.85,20.8
0.8706,132.62,1.466,799.27,489.05,367.12,272.56,1147.39,5397.29,11024.94,4561.61,301.4,25.19
0.9003,128.46,1.4602,822.47,494.32,366.98,275.44,1076.92,5041.2,11492.54,4519.16,308.3,27.16
0.934,124.13,1.4654,827,495.48,368.79,277.57,1067.14,4818.3,11763.7,4546.05,325.85,23.72
0.9859,119.85,1.4705,843.41,504.99,370.87,282.02,989.82,4382.56,10621.84,4146.93,317.45,25.4
0.9795,119.76,1.4524,858.42,515,370.7,285.54,911.62,3700.14,9877.94,3623.48,304.25,26.28
0.9807,118.74,1.4716,888.15,521.75,377.04,287.68,916.07,3712.94,9619.3,3652.39,311.5,27.62
0.9878,121.75,1.4578,923.43,532.75,376.8,296.61,815.28,2769.03,9383.29,3336.21,321.05,29.33
0.9884,122.73,1.4624,908.09,526.91,382.06,295.78,885.76,3152.85,8640.48,3442.53,315.25,25.45
0.9935,122.69,1.476,891.64,530.28,384.42,298.76,936.31,3320.32,9215.56,3561.69,317.05,25.58
1.0364,119.94,1.4527,920.2,543.61,384.4,307.21,879.82,2892.63,8578.95,3245.5,341.8,30.73
1.0739,119.94,1.4692,911.94,548.77,387.05,307.1,855.7,2747.83,8339.94,3089.68,369.15,31.6
1.0781,118.21,1.462,931.74,553.95,387.61,309.01,841.15,2547.05,8363.04,2907.11,345.9,33.94
1.0902,118.22,1.4749,927.03,551.68,389.66,307.56,848.18,2423.87,7972.71,2882.43,334.1,27.7
1.1011,120.13,1.5075,927.47,550.59,393.84,303.28,916.92,2942.04,7831.42,3235.31,343.6,26.03
1.1771,119.45,1.5307,963.17,570.92,396.19,310.08,963.59,2982.68,8424.51,3310.52,364.5,29.56
1.1494,119.98,1.5542,955.27,565.69,386.89,306.18,974.5,3220.58,9083.11,3437.73,346,30.19
1.1242,120.41,1.5409,907.26,557.63,383.6,304.82,990.31,3487.86,9563.21,3620.38,346.1,32.31
1.0976,116.77,1.5394,901.53,557.29,369.8,301.54,1008.01,3484.58,10343.55,3674.7,375.7,31.57
1.1669,111.47,1.5372,937.15,565.6,372.19,305.89,995.97,3256.78,10219.05,3626.43,385.4,29.2
1.1603,110.17,1.551,917.77,555.81,370.38,301.1,1050.71,3655.99,10559.59,3769.49,384.5,29.11
1.1989,109.58,1.548,918.61,555.22,375.02,298.82,1058.2,3745.95,10100.57,3842.74,399.85,30.41
1.2535,107.63,1.5608,934.85,562.42,374.02,303.79,1111.91,3965.16,10676.64,3961.58,416.9,32.79
1.2468,105.78,1.5679,937.43,567.03,375.28,304.69,1131.13,4058.6,10783.61,4152.32,402.2,33.05
1.248,109.18,1.5755,950.77,576.65,378.54,308.2,1144.94,4018.16,11041.92,4221.29,396.4,36.16
1.2301,103.99,1.5576,962.29,582.84,372.39,309.52,1125.68,3856.7,11715.39,4098.05,427.3,35.76
1.1977,110.38,1.5539,921.63,573.78,371.17,305.99,1107.3,3985.21,11761.79,4252.4,387,37.38
1.2212,110.07,1.5303,917.86,573.45,371.64,305.38,1120.68,3902.72,11236.37,4161.32,394,39.88
1.2181,109.38,1.5255,925.04,573.91,364.41,303.71,1140.84,4052.73,11858.87,4166.47,392.6,37.05
1.2026,111.32,1.5396,935.91,579.78,363.08,306.81,1101.72,3895.61,11325.78,4098.61,391,43.8
1.2184,108.91,1.5412,961.34,589.6,372.32,311.02,1095.8,3785.21,11081.79,4016.27,410.4,42.12
1.2433,109.89,1.548,964.64,594.32,375.31,311.7,1114.58,3892.9,10823.57,4057.34,418.7,49.64
1.2752,106,1.528,973.79,601.49,374.36,315.96,1130.2,3960.25,10771.42,3987.29,428.5,51.76
1.3271,103.1,1.5142,955.74,602.13,376.23,320.26,1173.82,4126,10899.25,4052.75,451.3,49.13
1.3543,102.56,1.544,968.14,607.71,376.97,321.1,1211.92,4256.08,11488.76,4234.56,437.5,43.45
1.3041,103.58,1.5499,977.38,614.15,380.55,323.35,1181.27,4254.85,11387.59,4305.72,421.8,48.2
1.3253,104.42,1.5369,963.91,607.61,378.12,321.14,1203.6,4350.49,11740.6,4435.52,436.5,51.75
1.2974,107.14,1.5502,959.81,609.51,381.42,322.23,1180.57,4348.77,11668.95,4456.72,428.7,55.4
1.2915,104.74,1.5376,982.63,620.62,385.31,328.97,1156.85,4184.84,11008.9,4444.06,435,49.72
1.235,107.94,1.5372,999.97,634.51,385.99,331.46,1191.5,4460.63,11276.59,4645.39,416.3,51.97
1.2103,110.95,1.5519,1008.71,642.89,389.02,332.74,1191.33,4586.28,11584.01,4752.39,435.9,56.5
1.2121,112.29,1.5615,987.84,640.52,385.85,334.01,1234.18,4886.5,11899.6,5025.01,429.9,60.57
1.2345,110.55,1.5467,1007.97,646.25,383.91,335.53,1220.33,4829.69,12413.6,4977.17,433.8,68.94
1.2049,113.48,1.5549,989.95,647.47,381.73,335.56,1228.81,5044.12,13574.3,5271.01,469,66.24
1.1991,116.43,1.5465,978.57,637.51,381.03,331.67,1207.01,4929.07,13606.5,5337.71,465.1,59.76
1.1785,119.77,1.55,985.52,638.42,383.21,330.79,1249.48,5193.4,14872.15,5601.68,494.6,57.32
1.1832,118.02,1.5567,996.42,645.54,381.93,337.23,1248.29,5408.26,16111.43,5742.41,517.1,61.04
1.217,116.82,1.5539,988.96,639.3,381.24,330.89,1280.08,5674.15,16649.82,5928.95,570.8,67.92
1.1923,115.89,1.5633,987.56,640.25,379.43,329.57,1280.66,5796.04,16205.43,6012.26,561.6,61.41
1.2124,117.69,1.581,979.2,629.05,374.03,324.28,1294.87,5970.08,17059.66,6163.39,581.8,66.63
1.2625,113.74,1.5667,963.68,622.55,369.09,320.12,1310.63,6009.89,16906.23,6251.53,651.8,71.88
1.2838,112.35,1.5611,967.22,626.29,372.69,321.75,1270.09,5692.86,15467.33,5924.57,642.5,71.29
1.2778,114.54,1.5658,970.15,623.71,371.9,319.05,1270.2,5683.31,15505.18,5955.64,613.5,73.93
1.2765,114.51,1.5719,983.74,632.13,372.22,322.98,1276.66,5681.97,15456.81,6175.15,634.2,74.4
1.2801,117.34,1.5784,1003.26,639.77,380.01,328.57,1303.82,5859.57,16140.76,6357.87,625.9,70.26
1.2693,118.1,1.5864,1014.5,646.58,381.67,331.38,1335.85,6004.33,16127.58,6567.56,598.6,62.91
1.2772,116.76,1.5864,1020.47,645.03,380.48,331.56,1377.92,6268.92,16399.39,6700.4,604.1,58.73
1.3261,115.62,1.5874,1038.6,648.79,381.86,335.1,1400.63,6309.19,16274.33,6663.75,646.9,63.13
1.3199,119.03,1.6094,1021.45,641.14,383.24,331.41,1418.3,6596.92,17225.83,6929.18,635.2,61.05
1.3005,120.92,1.6212,1016.24,635.49,379.79,326.9,1438.24,6789.11,17383.42,7241.78,652,58.14
1.322,118.56,1.6139,1039.74,643.66,382.6,329.73,1406.82,6715.44,17604.12,6974.44,669.4,61.79
1.3375,117.5,1.6212,1037.62,641.02,383.14,326.7,1420.86,6917.03,17287.65,7183.53,663,65.87
1.3658,119.46,1.6482,1043.05,637.2,384.53,326.29,1486.3,7408.87,17400.41,7620.11,680.5,65.71
1.3452,121.79,1.6483,1028.23,630.99,382.21,320.89,1530.62,7883.04,17875.75,7682.32,661,64.01
1.3531,123.28,1.6534,1023.89,626.66,377.99,318.36,1503.35,8007.32,18138.36,7514.07,648.1,70.68
1.3709,119.13,1.6486,1044.21,638.19,381.95,321.66,1455.27,7584.14,17248.89,7271.66,663.8,76.53
1.3641,115.96,1.647,1067.66,644.33,389.36,324.75,1473.99,7638.17,16569.09,7231.45,673,74.04
1.4243,114.72,1.6608,1067.54,643.61,385.82,326.71,1526.75,7861.51,16785.69,7262.53,742.8,81.66
1.447,115.2,1.6774,1082.23,650.66,388.96,326.83,1549.38,8019.22,16737.63,7372.14,792,94.53
1.4689,110.94,1.6568,1119.75,659.93,393.27,330.87,1481.14,7870.52,15680.67,7154.69,782.2,88.71
1.4591,111.69,1.6524,1121.26,649.46,394.93,326.79,1468.36,8067.32,15307.78,6925.44,834.9,94.1
1.4845,106.57,1.6095,1158.8,671.57,397.79,333.87,1378.55,6851.75,13592.47,6234.18,922.7,91.75
1.5183,104.3,1.5852,1171.85,677.85,397.94,331.36,1330.63,6748.13,13603.02,6188.55,972.1,101.84
1.5793,99.76,1.5672,1187.43,674.05,404.44,332.87,1322.7,6534.97,12525.54,5961.47,916.2,101.58
1.5576,104.5,1.621,1149.73,667.68,391.57,328.79,1385.59,6948.82,13849.99,6294.68,863.8,113.48
1.5549,105.46,1.6229,1136.46,657.15,386.89,327.35,1400.38,7096.79,14338.54,6333.55,887.3,127.35
1.5737,106.24,1.6071,1146.44,653.94,392.65,326.87,1280,6418.32,13481.38,5855.52,926.2,140
1.5596,107.94,1.634,1144.11,662.48,394.94,332.8,1267.38,6479.56,13376.81,5964.48,913.9,124.08
1.4665,108.67,1.6158,1174.47,677.33,399.61,337.63,1282.82,6422.3,13072.87,6061.78,829.3,115.46
1.4099,105.95,1.5779,1195.07,688.81,398.58,347.4,1164.73,5831.02,11259.86,5563.93,874.2,100.64
1.2753,98.7,1.4788,1168.69,698.55,398.76,343.68,968.75,4987.97,8576.98,5044.85,716.8,67.81
1.2678,95.52,1.5423,1248.88,727.97,403.46,358.72,896.24,4669.44,8512.27,4780.29,816.2,54.43
1.4059,89.8,1.5026,1323.69,744.27,410.05,360.93,903.25,4810.2,8859.56,4567.57,883.6,44.6
1.2797,89.89,1.4871,1263.44,733.11,407.95,361.55,825.88,4338.35,7994.05,4375.72,927.3,41.68
1.268,97.92,1.4807,1255.78,746.39,409.29,360.59,735.09,3843.74,7568.42,3929.92,941.5,44.76
1.3242,99.16,1.5119,1294.8,751.39,407.83,366.53,797.87,4084.76,8109.53,4137.35,922.5,49.66
1.3248,98.85,1.5107,1257.6,741.65,406.1,364.7,872.81,4704.56,8828.26,4487.52,890.7,51.12
1.4124,95.51,1.5088,1232.03,724.69,403.49,354.81,919.14,4940.82,9522.5,4615.16,978.8,66.31
1.4036,96.38,1.5239,1228.67,738.88,409.16,358.09,919.32,4808.64,9958.44,4662.64,927.1,69.89
1.427,94.57,1.5224,1233.86,741.39,411.13,366.91,987.48,5332.14,10356.83,5109.4,953.7,69.45
1.4349,92.78,1.5171,1244.2,749.6,413.73,366.18,1020.62,5464.61,10492.53,5346.17,951.7,69.96
1.4636,89.79,1.5165,1250.23,746.85,408.49,367.07,1057.08,5675.16,10133.23,5461.31,1001.25,70.38
1.4724,90.18,1.5108,1240.73,745.73,405.56,367.16,1036.19,5414.96,10034.74,5402.58,1044.5,77.01
1.5009,86.35,1.5087,1264.14,752.95,410.64,372.38,1095.63,5625.95,9345.55,5388.37,1178.9,77.19
1.432,92.88,1.4826,1217.73,742.46,410.14,373.52,1115.1,5957.43,10546.44,5626.4,1104,79.62
1.3865,90.24,1.4704,1230.71,754.38,409.65,370,1073.87,5608.79,10198.04,5570.19,1083,72.77
1.3634,88.81,1.4629,1238.7,761.67,410.72,373.89,1104.49,5598.46,10126.03,5763.27,1118.9,79.67
1.3511,93.49,1.424,1225.65,764.71,408.38,374.48,1169.43,6153.55,11089.94,6007.84,1113.3,83.35
1.3323,93.84,1.4358,1238.74,772.05,412.25,377.28,1186.68,6135.7,11057.4,5847.37,1180.7,86.16
1.2303,91.3,1.4218,1278.64,792.11,413.32,385.18,1089.41,5964.33,9768.7,5562.49,1212.2,74.1
1.223,88.47,1.3186,1311.82,798.97,419.1,387.99,1030.71,5965.52,9382.64,5407.82,1245.9,75.29
1.3039,86.43,1.3585,1318.76,794.99,420.12,388.18,1101.6,6147.97,9537.3,5489.77,1181.7,78.95
1.2681,84.04,1.2867,1364.57,828.63,423.72,398.39,1049.33,5925.22,8824.06,5465.25,1250.3,71.71
1.3645,83.48,1.3405,1363.48,821.09,425.04,393.97,1141.2,6229.02,9369.35,5594.62,1309.6,79.83
1.3923,80.48,1.3701,1358.55,808.52,425.37,390.27,1183.26,6601.37,9202.45,5754.64,1357.6,81.38
1.2984,83.69,1.3035,1345.12,804.44,417.63,388.7,1180.55,6688.49,9937.04,5652.48,1385,83.7
1.3381,81.21,1.2501,1297.9,785.83,419.95,386.59,1257.64,6914.19,10228.92,5790.62,1422,91.31
1.369,82.08,1.2921,1298.79,777.91,417.48,380.56,1286.12,7077.48,10237.92,5814.95,1331.8,91.91
1.3805,81.77,1.2823,1297.92,779.95,416.33,380.58,1327.22,7272.32,10624.09,5952.3,1412,96.93
1.4169,83.18,1.3013,1294.44,771.21,417.09,380.33,1325.83,7041.31,9755.1,5791.55,1432.8,106.61
1.481,81.1,1.2812,1312.53,779.8,419.1,377.04,1363.61,7514.46,9849.74,6013.04,1563.3,113.72
1.4393,81.53,1.2277,1337.27,792.28,420.8,384.65,1345.2,7293.69,9693.73,6023.04,1536,102.62
1.4503,80.57,1.219,1334.17,795.4,422.17,387.79,1320.64,7376.25,9816.09,5684.5,1500.1,94.91
1.4376,76.92,1.1316,1363.09,822.99,424.18,397.09,1292.28,7158.77,9833.03,5315.45,1625,95.89
1.4374,76.61,1.1582,1434.7,847.47,426.19,408.17,1218.89,5784.85,8955.2,5049.37,1827.3,88.91
1.3391,77.12,1.2143,1466.86,868.37,426.88,411.65,1131.42,5502.02,8700.29,5006.46,1624.9,78.76
1.3857,78.17,1.2155,1444.63,860.83,426.6,409.15,1253.3,6141.34,8988.39,5211.91,1745,92.54
1.3442,77.57,1.2276,1454.59,846.69,425.99,411.38,1246.96,6088.84,8434.61,5131.31,1744.8,100.23
1.2946,76.95,1.2143,1477.45,875.15,429.31,421.94,1257.6,5898.35,8455.35,5343.52,1565.3,98.9
1.3079,76.23,1.2042,1487.4,879.73,430.32,420.22,1312.4,6458.91,8802.51,5412.5,1739.8,98.4
1.3326,81.2,1.2053,1470.03,879.09,430.67,421.12,1365.68,6856.08,9723.24,5584.32,1695.9,106.89
1.3337,82.81,1.2041,1453.22,880.43,430.36,416.5,1408.45,6946.83,10083.56,5715.79,1668,103.06
1.3243,79.83,1.2013,1482.56,892.23,433.69,420.99,1397.91,6761.19,9520.89,5697.4,1664.2,104.89
1.2363,78.38,1.2011,1519.17,921.84,436.02,425.84,1310.33,6264.38,8542.73,5456.06,1562.1,86.51
1.265,79.87,1.201,1517.81,921.4,436.33,425.38,1362.16,6416.28,9006.78,5633.27,1597.7,84.77
1.2299,78.12,1.2013,1534.65,920.97,437.98,428.58,1379.32,6772.26,8695.06,5915.33,1610.5,87.93
1.2582,78.26,1.2005,1520.61,914.33,438.27,429.77,1406.58,6970.79,8839.91,5903.73,1694,96.62
1.2847,78.02,1.2084,1527.23,912.65,439.24,427.93,1440.67,7216.15,8870.16,6010.92,1774.3,92.1
1.296,79.79,1.2071,1517.95,911,439.53,429.8,1412.16,7260.63,8928.29,6088.61,1720.5,86.05
1.3004,82.44,1.2052,1531.42,919.66,442.2,428.97,1416.18,7405.5,9446.01,6275.35,1715.4,88.86
1.318,86.47,1.2075,1522.12,924.18,439.39,429.49,1426.19,7612.39,10395.18,6290.52,1655.9,90.66
1.3581,91.5,1.2362,1494.15,899.11,441.04,420.71,1498.11,7776.05,11138.66,6789.4,1662.8,97.45
1.3065,92.62,1.2235,1506.52,917.25,444.4,423.92,1514.68,7741.7,11559.36,7024.53,1579.9,91.86
1.2818,94.2,1.2173,1513.33,930.84,449.86,423.18,1569.19,7795.31,12397.91,7243.46,1596,97.16
1.3167,97.39,1.2236,1538.17,934.64,447.25,428.38,1597.57,7913.71,13860.86,7424.88,1472.1,93
1.2997,100.42,1.2405,1489.8,917.38,438.18,423.94,1630.74,8348.84,13774.54,7495.05,1387.1,91.61
1.301,99.29,1.2295,1450.73,901.51,439.17,414.46,1606.28,7959.22,13677.32,7247.62,1231.9,96.53
1.3297,97.8,1.2317,1434.13,904.82,441.52,414.5,1685.73,8275.97,13668.32,7398.59,1312.4,105.26
1.3216,98.14,1.2298,1429.2,895.43,444.2,412.95,1632.93,8103.15,13388.86,7353.92,1395,107.75
1.3523,98.3,1.2235,1445.73,902.12,445.85,410.5,1681.55,8594.4,14455.8,7611.23,1328.5,102.38
1.3582,98.33,1.2321,1457.17,910.16,449.23,413.72,1756.54,9033.92,14327.94,7829.04,1322.4,96.21
1.3585,102.4,1.232,1438.57,910.08,449.1,415.04,1805.81,9405.3,15661.87,7867.29,1251.6,92.82
1.3797,105.11,1.2248,1419.65,895.33,444.8,407.88,1841.07,9552.16,16291.31,7838,1195.8,99.19
1.3488,102.09,1.2228,1456.55,915.41,448.88,416.42,1782.59,9306.48,14914.53,7830.51,1244.6,97.46
1.3808,101.86,1.2143,1455.62,918.04,450.51,419.01,1859.45,9692.08,14841.07,8160.44,1326.1,102.46
1.3777,103.22,1.218,1454.75,924.09,448.63,419.99,1872.34,9555.91,14827.83,8202.18,1284.1,101.49
1.3866,102.22,1.2205,1465.31,931.53,449.57,423.23,1883.95,9603.23,14304.11,8333.7,1295.9,99.74
1.3632,101.8,1.2207,1488.55,940.4,451.55,428.12,1923.57,9943.27,14632.38,8557.99,1250.9,102.87
1.3694,101.32,1.2143,1484.15,949.29,452.12,430.37,1960.23,9833.07,15162.1,8455.66,1328.1,105.43
1.3389,102.8,1.2168,1481.99,955.33,453.39,434.98,1930.67,9407.48,15620.77,8329.69,1281.3,97.65
1.3143,104.07,1.2064,1511.94,978.32,455.01,437.89,2003.37,9470.17,15424.59,8566.25,1288.2,95.89
1.263,109.67,1.206,1499.7,978.29,454.13,436.68,1972.29,9474.3,16173.52,8695.61,1208.8,91.52
1.2525,112.32,1.2062,1517.95,986.58,456.82,437.54,2018.05,9326.87,16413.76,8691.83,1173.5,80.71
1.2447,118.7,1.2023,1535.24,997.96,458.06,442.19,2067.56,9980.85,17459.85,8992.9,1167,66.1
1.216,119.48,1.2024,1540.3,1008.65,461.84,442.66,2058.2,9805.55,17450.77,8857.03,1184.1,53.55
1.129,117.39,1.0382,1601.46,1028.21,463.42,455.91,1994.99,10694.32,17674.39,8262.63,1283.5,47.67
1.1192,119.61,1.0664,1565,1030.08,461.7,452.62,2104.49,11401.66,18797.94,8921.78,1212.4,49.2
1.0751,120.01,1.0452,1575.67,1039.31,459.29,455.54,2067.89,11966.17,19206.99,9137.24,1183.6,47.68
1.1214,119.43,1.0465,1562.11,1023.9,461.98,453.7,2085.51,11454.38,19520.01,9208.19,1182.4,59.8
1.0985,124.12,1.0323,1560.27,1012.98,459.92,456.25,2107.39,11413.82,20563.15,9377.54,1190,60.24
1.1139,122.43,1.0418,1536.01,989.92,457.91,450.41,2063.12,10944.97,20235.73,8918.62,1172.5,59.28
1.0981,123.93,1.0615,1559.13,1004.45,459.88,455.14,2103.84,11308.99,20585.24,9559.21,1094.9,46.82
1.1211,121.25,1.0843,1564.23,995.62,460.76,459.16,1972.18,10259.46,18890.48,8984.61,1134.1,49.93
1.1178,119.88,1.0885,1577.33,1007.09,461.99,458,1920.03,9660.44,17388.15,8679.82,1114.5,48.51
1.1009,120.63,1.0877,1569.72,1012.31,463.95,463.52,2079.36,10850.14,19083.1,9133.48,1141.7,49.49
1.0568,123.08,1.0874,1565.71,1017.51,464.07,467.57,2080.41,11382.23,19747.47,9232.94,1063.9,44.52
1.0932,120.5,1.0794,1558.42,1006.03,465.65,456.53,2063.36,10743.01,19033.71,9093.97,1060.7,36.7
1.0836,121.05,1.1087,1602.61,1027.95,471.68,463.16,1940.24,9798.11,17518.3,8610.7,1117.7,35.88
1.0878,112.78,1.0861,1630.15,1048.71,478.16,469.86,1932.23,9495.4,16026.76,8249.38,1239,36.66
1.1383,112.53,1.094,1625.28,1044.63,477.36,465.49,2059.74,9965.51,16758.67,8316.61,1232.5,40.15
1.145,106.44,1.0984,1621.73,1034.03,478.88,462.35,2065.32,10038.97,16666.05,8566.82,1294.6,47.36
1.1128,110.71,1.106,1619.46,1042.48,480,464.5,2096.95,10262.74,17234.98,8887.41,1214.3,49.66
1.1103,103.24,1.0836,1669.29,1066.94,484.61,473.14,2098.86,9680.09,15575.92,8660.22,1325.4,49.75
1.1177,102.19,1.083,1672.62,1065.13,482.56,473.71,2173.6,10337.5,16569.27,8828.2,1349.7,43.43
1.1154,103.46,1.0973,1665.96,1065.05,477.83,470.39,2170.93,10592.69,16887.4,8915.79,1311.6,46.99
1.1238,101.36,1.0916,1668.12,1068.4,478.19,472.9,2168.27,10511.02,16449.84,8883.25,1320.3,49.99
1.0981,104.83,1.0859,1637.06,1043.68,477.39,466.52,2126.15,10665.01,17425.02,8578.7,1277.8,48.55
1.0597,114.41,1.0773,1574.66,1036.38,474.31,458.1,2198.81,10640.3,18308.48,8623.48,1171.2,51.48
1.0518,116.93,1.0718,1566.49,1040.71,473.56,459.14,2238.83,11481.06,19114.37,8965.7,1150.9,56.75
1.0795,112.92,1.0683,1573.1,1021.29,471.69,454.27,2278.87,11535.31,19041.34,9063.32,1209.8,55.61
1.0581,112.68,1.064,1586.52,1041.1,473.23,459.38,2363.64,11834.41,19118.99,9367.08,1249.2,56.45
1.0662,111.33,1.0685,1583.93,1030.6,472.88,454.87,2362.72,12312.87,18909.26,9637.82,1245.9,53.65
1.0893,111.41,1.0838,1597.42,1030.07,474.79,455.94,2384.2,12438.01,19196.74,9976.11,1269.6,51.87
1.1237,110.76,1.0881,1613.26,1033.62,473.66,457.36,2411.8,12615.06,19650.57,10248.87,1268.1,50.73
1.1422,112.48,1.0952,1608.06,1020.92,472.16,452.9,2423.41,12325.12,20033.43,10128.34,1241.4,48.93
1.1836,110.26,1.1447,1608.79,1014.14,472.57,449.63,2470.3,12118.25,19925.18,10310.53,1266.6,52.68
1.1904,109.94,1.1414,1631.79,1030.57,475.24,456.17,2471.65,12055.84,19646.24,10177.22,1327.8,52.77
1.1817,112.59,1.1444,1612.29,1020.38,472.97,452.83,2519.36,12828.86,20356.28,10447.33,1282.8,56.7
1.1645,113.65,1.1618,1609.59,1029.62,472.99,453.9,2575.26,13229.57,22011.61,10604.4,1271.8,61.05
1.1906,112.54,1.1708,1610.45,1029.94,474.15,455.33,2647.58,13023.98,22724.96,10674.94,1274.8,62.67
1.2004,112.67,1.1691,1610.18,1025.41,473.78,453.83,2673.61,12917.64,22764.94,10751.51,1305.4,66.62
1.2415,109.15,1.1557,1580.25,1006.67,472.29,447.66,2823.81,13189.48,23098.29,10737.45,1345.2,68.95
1.22,106.72,1.152,1564.86,1008.01,473.45,447.7,2713.83,12435.85,22068.24,10258.63,1319,64.63
1.2327,106.18,1.1754,1581.93,1021.19,473.85,450.6,2640.87,12096.73,21454.3,10189.89,1325.4,69.48
1.2079,109.27,1.1965,1564.43,1016.04,473.49,448.45,2648.05,12612.11,22467.87,10524.92,1324.3,74.45
1.1691,108.81,1.1524,1580.44,1034.93,474.26,453.88,2705.27,12604.89,22201.82,10164.78,1299.3,77.68
1.1681,110.67,1.1569,1584.18,1038.49,474.27,453.85,2718.37,12306,22304.51,10327.29,1254.1,79.17
1.1688,111.84,1.1573,1574.56,1027.35,473.91,451.28,2816.29,12805.5,22553.72,10898.11,1223.7,74.19
1.1605,111.09,1.1251,1591.8,1036.63,471.66,451.64,2901.52,12364.06,22865.15,10740.34,1205.3,77.7
1.161,113.63,1.1395,1573.25,1025.55,470.95,449.12,2913.98,12246.73,24120.04,10807.82,1195.4,82.81
1.1313,112.93,1.1408,1566.26,1032.4,470.99,452.02,2711.74,11447.51,21920.46,10635.53,1216.1,74.6
1.1319,113.48,1.1308,1584.65,1039.25,472.17,454.55,2760.16,11257.24,22351.06,10540.95,1221.4,59.15
1.1447,110.16,1.126,1618.99,1045.28,475.98,460.03,2485.74,10558.96,20014.77,9830.06,1282.8,53.05
1.1449,108.93,1.1383,1630.75,1050.46,475.6,459.57,2704.1,11173.1,20773.49,10514.35,1319.9,61.11
1.1373,111.45,1.1351,1629.74,1050.62,476.74,461.71,2784.49,11515.64,21385.16,10964.46,1314.4,66.36
1.1218,110.85,1.1164,1668.62,1071.86,479.41,465.74,2834.4,11526.04,21205.81,11241.19,1290.8,67.63
1.1215,111.45,1.1428,1658.82,1063.23,477.45,462.18,2945.83,12344.08,22258.73,11735.16,1285.7,71.66
1.1169,108.37,1.1184,1704.52,1083,479.35,468.11,2752.06,11726.84,20601.19,11544.54,1306,64.49
1.1371,107.8,1.1101,1728.83,1094.25,482.01,470.23,2941.55,12398.8,21275.92,11977.38,1410,66.55
1.1071,108.77,1.1007,1735.52,1104.67,480.78,477.8,2980.38,12189.04,21521.53,12064.45,1431,64.09
1.099,106.22,1.0877,1796.78,1127.99,486.18,488.71,2926.46,11939.28,20704.37,12060.92,1522,60.43
1.0899,108.12,1.0878,1777.7,1115.28,484.1,478.58,2976.73,12428.08,21755.84,12233.13,1472,60.78
1.1151,108.04,1.0999,1776.23,1099.28,480.5,468.09,3037.56,12866.79,22927.04,12337.05,1512,60.61
1.1017,109.45,1.1016,1769.57,1093.55,478.51,472.51,3140.98,13236.38,23293.91,12676.11,1463,59.85
1.12,108.84,1.0856,1753.98,1078.24,475.79,468.39,3221.29,13249.01,23656.62,12837.5,1514,66.67
1.1091,108.35,1.0683,1807.93,1100.06,477.69,475.54,3225.51,12981.97,23205.18,12870.99,1585,58.16
1.1032,107.97,1.0652,1859.67,1115.95,481.13,479.21,2954.21,11890.35,21142.96,11897.75,1582,50.52
1.1027,107.55,1.0615,1932.2,1105.34,474.53,462.48,2584.59,9935.84,18917.01,11319.54,1577,22.74
1.0954,107.16,1.0596,1928.8,1110.32,476.81,465.73,2912.43,10861.64,20193.69,11905.85,1698.8,26.58
