36;1;1;1;0
37;-1;1;1;0
38;-1;1;1;0
39;-1;1;1;0
40;1;1;1;0
41;-1;1;1;2
42;-1;1;1;2
43;1;2;3;11
44;-1;1;1;2
45;1;2;3;11
46;-1;1;1;0
47;1;1;1;0
48;1;1;1;0
49;-1;1;1;0
50;-1;2;4;5
51;1;1;1;7
52;1;1;1;7
53;1;1;1;7
54;1;1;1;7
55;1;1;1;6
56;0;1;1;6
57;1;1;1;6
58;1;2;1;2
59;-1;2;1;2
60;-1;2;2;7
61;-1;2;2;7
62;1;2;2;7
63;1;2;2;7
64;1;2;2;7
65;-1;2;2;7
66;-1;2;2;7
67;1;2;2;7
68;1;2;2;7
69;1;1;2;3
70;-1;2;9;7
71;-1;1;1;1
72;1;1;1;12
73;1;2;10;7
74;-1;2;10;7
75;-1;2;10;7
76;1;2;10;7
77;1;2;10;7
78;-1;1;1;0
79;-1;1;1;0
80;1;2;10;7
81;1;2;10;7
82;1;2;10;7
83;1;2;10;7
84;1;2;10;7
85;-1;1;12;11
86;-1;1;12;11
87;1;1;1;0
88;1;1;1;0
89;0;1;1;0
90;1;1;1;0
91;1;1;1;0
92;-1;1;1;0
93;1;1;1;0
94;-1;1;1;0
95;-1;1;1;0
96;1;1;1;0
97;1;1;1;2
98;-1;1;1;0
99;-1;1;1;0
100;-1;1;1;0
101;-1;1;1;0
102;1;1;1;0
103;-1;1;1;0
104;0;1;1;0
105;1;1;1;0
106;-1;1;1;0
107;-1;1;1;0
108;1;1;1;0
109;-1;1;1;0
110;1;1;1;0
111;1;1;1;0
112;-1;1;1;0
113;-1;1;1;0
114;1;1;1;0
115;1;1;1;0
116;0;1;1;0
117;1;1;1;0
118;-1;1;1;0
119;1;1;1;0
120;1;1;1;0
121;-1;1;1;0
122;1;1;1;0
123;1;1;1;0
124;1;1;1;0
125;-1;1;1;0
126;1;1;1;0
127;-1;1;1;0
128;1;1;1;0
129;1;1;1;0
130;1;1;1;0
131;1;1;1;0
132;-1;1;1;0
133;1;1;1;1
134;1;1;1;1
135;-1;1;1;1
136;-1;1;1;0
137;-1;1;1;0
138;1;1;1;0
139;-1;1;1;5
140;1;1;1;5
141;1;1;1;5
142;1;1;1;5
143;1;1;1;5
144;1;1;1;5
145;1;1;1;5
146;-1;1;1;5
147;1;1;1;5
148;1;1;1;5
149;0;1;1;0
150;0;1;1;5
151;1;1;1;5
152;-1;1;1;0
153;-1;1;1;0
154;1;1;1;12
155;1;1;1;12
156;1;1;1;12
157;1;1;1;1
158;1;1;1;0
159;1;1;1;1
160;1;1;1;1
161;-1;1;1;1
162;-1;1;1;1
163;1;1;1;1
164;-1;1;1;1
165;-1;1;1;1
166;-1;1;1;1
167;-1;1;1;1
168;1;1;1;1
169;-1;1;1;4
170;-1;1;1;4
171;1;1;1;4
172;1;1;1;1
173;-1;1;1;0
174;-1;1;1;0
175;-1;1;1;0
176;1;1;1;0
177;1;1;1;0
178;1;1;1;0
179;-1;1;1;0
180;-1;1;1;0
181;-1;1;1;0
182;1;1;1;0
183;-1;1;1;0
184;1;1;1;0
185;1;1;1;0
186;1;1;1;0
187;-1;1;1;0
188;0;1;1;4
189;1;1;1;4
190;1;1;1;3
191;-1;1;1;3
192;-1;1;1;3
193;0;1;1;4
194;1;1;1;4
195;1;1;1;0
196;-1;1;1;6
197;1;1;1;3
198;-1;1;1;3
199;-1;1;1;3
200;1;2;11;1
201;1;1;1;11
202;1;2;11;1
203;1;2;11;1
204;-1;1;1;3
205;1;1;9;0
206;1;1;1;9
207;1;1;1;9
208;-1;1;1;3
209;1;1;1;9
210;1;1;1;1
211;-1;2;9;2
212;1;1;1;3
213;-1;1;1;3
214;1;1;1;1
215;1;1;1;3
216;1;1;4;11
217;-1;1;1;3
218;-1;1;1;3
219;0;1;1;3
220;-1;1;1;3
221;1;1;1;1
222;1;1;1;1
223;1;1;1;1
224;-1;1;1;1
225;-1;1;1;1
226;1;1;1;1
227;-1;1;1;3
228;1;1;1;3
229;-1;1;1;3
230;-1;1;1;1
231;-1;1;1;0
232;0;1;1;0
233;-1;1;1;1
234;1;1;1;1
235;1;1;1;1
236;-1;1;1;1
237;1;1;1;1
238;1;1;1;1
239;1;1;1;1
240;-1;2;4;6
241;-1;2;4;6
242;-1;1;1;2
243;-1;1;1;2
244;-1;1;1;2
245;1;1;1;2
246;-1;1;1;2
247;-1;1;1;2
248;1;1;1;2
249;1;1;1;2
250;1;1;1;2
251;-1;1;1;2
252;1;1;1;2
253;1;1;1;3
254;1;2;2;2
255;-1;1;1;0
256;0;1;1;0
257;0;1;1;0
258;1;1;1;0
259;1;1;1;0
260;1;1;1;0
261;0;1;1;0
262;1;1;1;0
263;1;1;1;0
264;-1;1;1;10
265;-1;1;1;10
266;1;1;1;3
267;1;1;1;3
268;1;1;1;1
269;1;1;1;0
270;-1;1;1;0
271;1;1;1;0
272;-1;1;1;0
273;1;1;1;0
274;1;1;1;0
275;1;1;1;0
276;-1;1;1;0
277;1;1;1;0
278;1;1;1;0
279;-1;1;1;0
280;1;1;1;0
281;1;1;1;0
282;-1;1;1;0
283;1;1;1;0
284;1;1;1;0
285;1;1;1;0
286;1;1;1;0
287;1;1;1;0
288;1;1;1;0
289;-1;1;1;0
290;1;1;1;0
291;-1;1;1;0
292;-1;1;1;0
293;-1;1;1;5
294;1;2;4;12
295;-1;1;1;0
296;0;1;1;4
297;-1;1;1;0
298;1;1;1;0
299;-1;1;1;0
300;-1;1;1;0
301;-1;1;1;0
302;1;1;1;7
303;-1;1;1;4
304;1;1;1;4
305;1;1;1;4
306;1;1;1;7
307;-1;1;1;4
308;-1;1;1;4
309;-1;1;1;4
310;1;1;1;4
311;-1;1;1;4
312;1;1;1;4
313;1;1;1;0
314;1;1;1;3
315;1;1;1;3
316;1;1;1;3
317;-1;1;1;3
318;-1;1;1;3
319;-1;1;1;3
320;0;1;1;3
321;-1;1;1;0
322;-1;1;1;0
323;1;1;1;0
324;0;1;1;0
325;0;1;1;0
326;1;1;1;0
327;1;1;1;0
328;1;1;1;0
329;-1;1;1;0
330;-1;1;1;0
331;1;1;1;0
332;-1;1;1;0
333;1;1;1;0
334;-1;1;1;0
335;1;1;1;0
336;1;1;1;0
337;-1;1;1;0
338;-1;1;1;0
339;-1;1;1;0
340;-1;1;1;0
341;1;1;1;0
342;1;1;1;0
343;-1;1;1;0
344;-1;1;1;0
345;-1;1;1;0
346;1;1;1;0
347;1;1;1;0
348;0;1;1;12
349;-1;1;1;12
350;0;1;2;5
351;1;1;2;5
352;1;1;1;1
353;1;1;1;1
354;-1;1;1;1
355;1;2;7;12
356;1;1;1;4
357;1;1;1;4
358;-1;1;1;4
359;1;1;1;1
360;-1;1;1;2
361;-1;1;1;1
362;-1;1;1;4
363;1;1;1;4
364;1;1;1;1
365;0;1;1;4
366;1;1;3;8
367;1;1;3;8
368;-1;1;1;3
369;1;1;3;9
370;1;1;3;9
371;-1;1;3;9
372;-1;1;3;9
373;-1;1;3;9
374;1;1;1;9
375;-1;1;1;9
376;1;1;1;7
377;-1;1;1;7
378;1;1;1;7
379;1;1;1;7
380;-1;1;3;0
381;-1;1;3;0
382;1;1;1;0
383;1;1;1;0
384;-1;1;1;0
385;1;1;1;0
386;-1;1;1;0
387;1;1;1;0
388;-1;1;1;0
389;-1;1;1;0
390;-1;1;1;0
391;-1;1;1;0
392;1;1;1;0
393;-1;1;1;0
394;1;1;1;0
395;1;1;1;0
396;-1;1;1;0
397;-1;1;1;0
398;-1;1;1;0
399;1;1;4;2
400;1;1;4;2
401;1;1;4;2
402;1;1;4;2
403;1;1;4;2
404;1;1;4;2
405;-1;1;4;2
406;1;1;3;2
407;-1;1;1;7
408;1;1;1;7
409;1;1;3;2
410;1;1;3;2
411;1;1;3;2
412;1;1;3;2
413;-1;1;3;2
414;-1;1;2;12
415;-1;1;1;7
416;1;1;1;7
417;-1;1;1;7
418;-1;1;1;7
419;-1;1;1;0
420;-1;1;1;0
421;-1;1;1;0
422;-1;1;1;0
423;1;1;1;0
424;-1;1;1;0
425;-1;1;1;0
426;-1;1;1;1
427;-1;1;1;1
428;-1;1;1;1
429;1;1;1;1
430;-1;1;1;1
431;0;1;1;1
432;-1;1;1;1
433;1;1;1;1
434;-1;1;1;1
435;-1;1;1;1
436;-1;1;1;1
437;-1;1;1;1
438;1;1;1;1
439;1;1;1;1
440;-1;1;1;1
441;-1;1;1;1
442;1;1;1;1
443;-1;1;1;1
444;-1;1;1;1
445;-1;1;1;1
446;1;1;2;0
447;-1;1;1;10
448;1;1;1;8
449;-1;1;1;8
450;1;1;1;8
451;-1;1;1;10
452;-1;1;1;10
453;-1;1;1;10
454;1;1;1;10
455;-1;1;1;1
456;1;1;1;1
457;-1;1;1;1
458;-1;1;1;1
459;1;2;10;8
460;-1;1;1;1
461;1;1;1;1
462;1;1;1;1
463;1;1;1;1
464;-1;1;1;1
465;-1;1;1;1
466;-1;1;2;11
467;-1;1;3;11
468;-1;1;3;11
469;1;1;3;11
470;1;1;2;11
471;1;1;2;11
472;1;1;2;2
473;-1;1;2;2
474;1;1;2;2
475;1;1;2;2
476;-1;2;7;8
477;1;2;6;1
478;-1;2;5;9
479;-1;2;5;9
480;1;1;1;0
481;-1;1;1;0
482;1;1;1;0
483;1;1;1;0
484;-1;1;1;0
485;-1;1;1;0
486;1;1;1;0
487;-1;1;1;0
488;1;1;1;0
489;-1;1;1;0
490;1;1;1;0
491;1;1;1;0
492;-1;1;1;0
493;1;1;1;0
494;1;1;1;0
495;1;1;1;0
496;1;1;1;0
497;-1;1;4;9
498;-1;1;4;9
499;-1;1;2;9
500;1;4;7;9
501;-1;1;3;9
502;1;1;1;10
503;-1;1;1;10
504;-1;1;1;10
505;1;1;1;10
506;-1;1;1;10
507;-1;1;1;10
508;1;1;1;10
509;-1;1;2;1
510;-1;1;2;1
511;-1;1;2;1
512;-1;1;1;1
513;-1;1;1;1
514;-1;1;1;1
515;-1;1;1;1
516;1;1;1;1
517;-1;1;1;1
518;-1;1;1;1
519;-1;1;1;1
520;1;1;1;1
521;-1;1;1;1
522;0;1;1;1
523;-1;1;1;1
524;1;1;1;1
525;-1;1;1;1
526;1;1;1;1
527;1;1;1;1
528;-1;1;1;4
529;-1;1;1;4
530;1;1;1;3
531;-1;1;1;5
532;0;1;1;5
533;1;1;1;3
534;-1;1;1;3
535;0;1;1;3
536;-1;1;1;3
537;1;1;1;3
538;1;1;1;3
539;1;1;1;3
540;-1;1;1;3
541;-1;1;1;3
542;1;1;1;3
543;1;1;1;3
544;0;1;1;3
545;1;1;1;3
546;-1;1;1;3
547;-1;1;1;3
548;-1;1;1;3
549;0;1;1;3
550;1;1;1;3
551;1;1;1;3
552;-1;1;3;9
553;-1;1;3;9
554;-1;1;3;9
555;-1;1;3;9
556;-1;1;1;0
557;1;1;1;0
558;-1;1;1;0
559;1;1;1;0
560;-1;1;1;0
561;1;1;1;0
562;-1;1;1;0
563;1;1;1;0
564;1;1;1;0
565;-1;1;1;0
566;-1;1;1;0
567;-1;1;1;0
568;-1;1;1;0
569;-1;1;1;11
570;1;1;1;7
571;1;1;1;7
572;-1;1;1;7
573;-1;1;1;7
574;1;1;1;7
575;1;1;1;7
576;1;1;1;7
577;-1;1;1;1
578;-1;1;1;5
579;0;1;1;5
580;-1;1;1;1
581;-1;1;1;1
582;-1;1;1;1
583;1;1;1;1
584;-1;1;1;1
585;0;1;1;5
586;-1;1;1;1
587;1;1;1;6
588;-1;1;1;6
589;1;1;1;6
590;1;1;1;6
591;-1;1;1;6
592;-1;1;1;6
593;-1;1;1;6
594;-1;1;1;6
595;0;1;1;6
596;1;1;1;6
597;1;1;1;6
598;-1;1;1;6
599;0;1;1;6
600;0;1;1;6
601;-1;1;1;2
602;-1;1;1;2
603;1;1;1;2
604;-1;1;1;2
605;-1;1;1;2
606;-1;1;1;2
607;1;1;1;2
608;1;1;3;5
609;-1;1;1;2
610;-1;1;1;1
611;1;1;1;1
612;-1;1;1;1
613;1;1;1;3
614;-1;1;1;3
615;-1;1;1;3
616;-1;1;1;3
617;-1;1;1;3
618;0;1;1;3
619;-1;1;1;3
620;0;1;1;3
621;-1;1;1;3
622;1;1;1;3
623;1;1;1;3
624;-1;1;1;3
625;0;1;1;3
626;1;1;1;3
627;1;1;1;4
628;-1;1;1;3
629;-1;1;1;3
630;1;1;1;3
631;1;1;2;10
632;-1;1;2;10
633;-1;1;2;10
634;1;1;2;10
635;0;1;1;4
636;-1;1;1;4
637;1;1;1;4
638;1;1;1;4
639;-1;1;1;4
640;1;1;1;4
641;-1;1;1;0
642;-1;1;1;0
643;1;1;1;0
644;-1;1;1;0
645;1;1;1;0
646;1;1;1;0
647;1;1;1;0
648;1;1;1;0
649;1;1;1;0
650;1;1;1;0
651;1;1;1;2
652;-1;1;1;1
653;-1;1;1;4
654;1;1;1;1
655;1;1;1;4
656;-1;1;1;4
657;1;1;1;1
658;1;1;1;1
659;-1;1;1;1
660;-1;1;1;1
661;1;1;1;1
662;-1;1;1;1
663;1;1;1;1
664;-1;1;1;9
665;-1;1;1;9
666;1;1;1;9
667;-1;1;1;9
668;1;1;1;9
669;-1;1;1;9
670;-1;1;1;9
671;1;1;1;9
672;-1;1;1;9
673;1;1;1;9
674;1;1;1;9
675;-1;1;1;1
676;1;1;1;0
677;-1;1;1;0
678;-1;1;1;0
679;1;1;1;0
680;-1;1;1;0
681;-1;1;1;0
682;1;1;1;0
683;-1;1;1;1
684;-1;1;1;1
685;1;1;1;0
686;1;1;1;0
687;1;1;1;0
688;1;1;1;0
689;-1;1;2;6
690;-1;1;2;6
691;0;1;2;6
692;-1;1;1;12
693;-1;1;2;6
694;-1;1;4;6
695;1;1;2;4
696;-1;1;2;4
697;1;1;1;10
698;1;1;2;4
699;1;1;2;4
700;-1;1;2;2
701;-1;1;2;2
702;1;1;2;12
703;1;1;2;10
704;1;1;2;10
705;1;1;2;10
706;1;1;2;10
707;-1;1;2;10
708;1;1;2;10
709;1;1;2;10
710;-1;1;2;10
711;-1;1;1;0
712;-1;1;1;0
713;1;1;3;2
714;1;1;1;0
715;1;1;1;0
716;1;1;1;0
717;-1;1;1;2
718;-1;1;1;2
719;-1;1;1;2
720;1;1;1;2
721;1;1;1;2
722;-1;1;1;2
723;1;1;1;2
724;1;1;1;2
725;1;1;1;2
726;1;1;1;2
727;1;1;1;2
728;1;1;1;3
729;-1;1;1;2
730;1;1;1;3
731;1;1;2;1
732;1;1;2;1
733;1;1;3;5
734;-1;1;3;5
735;-1;1;3;5
736;-1;1;3;5
737;-1;1;3;5
738;-1;1;3;5
739;-1;1;3;5
740;1;1;1;12
741;1;1;1;12
742;1;1;1;3
743;-1;1;3;12
744;-1;1;1;0
745;1;1;1;0
746;-1;1;1;0
747;1;1;1;0
748;-1;1;1;0
749;1;1;1;0
750;-1;1;1;0
751;-1;1;1;0
752;1;1;1;0
753;1;1;1;0
754;-1;1;1;0
755;-1;1;1;0
756;-1;1;1;0
757;1;1;1;0
758;-1;1;1;0
759;-1;1;1;0
760;1;1;1;0
761;1;1;1;0
762;-1;1;1;6
763;-1;1;1;6
764;-1;1;1;6
765;-1;1;1;6
766;-1;1;1;6
767;1;1;1;2
768;-1;1;1;2
769;-1;1;1;2
770;1;1;1;2
771;1;1;1;2
772;-1;1;1;2
773;-1;1;1;2
774;1;1;1;2
775;1;2;1;0
776;1;2;1;0
777;-1;1;10;1
778;-1;1;1;2
779;0;1;1;2
780;1;2;1;4
781;-1;1;1;1
782;-1;1;1;1
783;1;1;1;1
784;0;1;1;1
785;1;1;1;1
786;-1;1;1;1
787;-1;1;4;0
788;1;1;1;0
789;-1;1;1;0
790;1;1;4;0
791;1;1;1;11
792;-1;1;1;11
793;1;1;1;11
794;1;1;1;11
795;1;1;1;11
796;1;1;1;11
797;1;1;1;10
798;1;1;1;10
799;1;1;1;10
800;-1;1;1;10
801;1;1;1;1
802;1;1;1;1
803;1;1;1;1
804;1;1;1;1
805;1;1;1;1
806;-1;1;1;1
807;-1;1;1;1
808;1;1;1;1
809;-1;1;1;1
810;-1;1;1;1
811;-1;1;1;1
812;1;1;1;1
813;-1;1;1;1
814;-1;1;1;1
815;1;1;1;1
816;-1;1;1;1
817;1;1;1;2
818;-1;1;1;1
819;-1;1;1;1
820;-1;1;8;2
821;-1;1;8;2
822;1;1;12;11
823;1;1;1;7
824;1;1;1;2
825;-1;1;1;2
826;1;1;1;8
827;1;1;1;2
828;1;1;1;2
829;-1;1;1;2
830;1;1;1;2
831;-1;1;1;2
832;1;1;1;2
833;-1;1;1;2
834;1;2;4;2
835;-1;2;2;1
836;1;2;2;1
837;1;2;2;1
838;1;2;2;1
839;1;2;2;1
840;1;2;1;8
841;1;2;1;3
842;-1;2;1;3
843;-1;2;1;3
844;-1;2;1;3
845;-1;2;1;8
846;1;2;1;3
847;1;2;1;8
848;-1;2;1;3
849;1;1;2;6
850;-1;2;10;8
851;-1;2;10;8
852;-1;1;2;6
853;1;2;10;8
854;-1;1;2;6
855;0;1;2;8
856;1;1;1;0
857;1;2;10;8
858;-1;1;1;0
859;-1;1;1;0
860;1;1;1;0
861;1;1;1;0
862;-1;1;1;0
863;-1;1;1;0
864;1;1;1;0
865;1;1;1;0
866;-1;1;1;0
867;-1;1;1;0
868;1;1;1;0
869;-1;1;1;4
870;-1;1;1;4
871;1;1;1;0
872;-1;1;1;0
873;-1;1;3;2
874;1;1;2;10
875;1;1;2;10
876;1;1;2;10
877;1;1;1;3
878;1;1;1;3
879;-1;1;1;6
880;0;1;1;6
881;1;1;1;6
882;-1;1;1;6
883;0;1;1;6
884;1;1;1;6
885;1;1;1;6
886;-1;1;1;6
887;1;1;1;6
888;0;1;1;6
889;-1;1;1;6
890;0;1;1;6
891;1;1;1;6
892;0;1;1;6
893;0;1;1;6
894;0;1;1;6
895;1;1;1;6
896;-1;1;1;6
897;-1;1;1;0
898;1;1;1;0
899;-1;1;5;9
900;-1;1;1;6
901;-1;1;1;6
902;1;1;1;2
903;-1;1;1;2
904;1;1;1;6
905;-1;1;1;2
906;1;1;1;2
907;-1;1;1;6
908;-1;1;1;6
909;0;1;1;6
910;-1;1;1;6
911;-1;1;1;6
912;-1;1;1;6
913;1;1;1;6
914;-1;1;1;6
915;-1;1;1;5
916;1;1;1;12
917;-1;1;1;12
918;1;1;1;2
919;-1;1;1;4
920;0;1;1;4
921;-1;1;1;1
922;-1;2;1;11
923;1;1;1;1
924;-1;1;1;1
925;1;1;1;1
926;-1;1;1;1
927;-1;1;1;1
928;-1;1;1;1
929;1;1;1;1
930;-1;1;1;1
931;1;1;1;4
932;1;1;1;4
933;1;1;1;4
934;-1;1;1;1
935;-1;1;3;2
936;-1;1;2;2
937;-1;1;1;4
938;1;1;3;2
939;1;1;3;2
940;1;1;2;7
941;-1;1;1;5
942;-1;1;1;5
943;-1;2;9;10
944;1;1;3;2
945;1;1;1;9
946;-1;1;1;9
947;-1;1;1;9
948;-1;1;1;9
949;-1;1;1;9
950;-1;1;1;9
951;1;1;1;9
952;-1;1;4;2
953;-1;1;4;2
954;1;1;1;9
955;1;1;1;9
956;-1;4;8;10
957;1;1;2;1
958;1;2;5;10
959;1;1;1;2
960;-1;4;8;10
961;-1;1;1;2
962;-1;1;1;2
963;-1;1;1;2
964;1;1;1;2
965;1;1;1;2
966;-1;1;1;2
967;-1;1;1;2
968;1;1;1;2
969;-1;1;1;2
970;0;1;1;2
971;-1;1;1;2
972;-1;1;1;1
973;1;1;1;2
974;1;1;1;1
975;1;1;11;2
976;-1;1;11;2
977;1;1;1;1
978;1;1;1;8
979;-1;1;1;1
980;-1;1;1;1
981;1;1;1;1
982;-1;1;1;1
983;-1;1;1;1
984;1;1;1;1
985;1;1;1;1
986;-1;1;1;1
987;1;2;2;9
988;1;1;1;1
989;-1;1;1;1
990;1;1;1;1
991;-1;1;2;0
992;-1;1;1;0
993;-1;1;1;0
994;-1;1;1;1
995;-1;1;1;0
996;-1;1;1;0
997;-1;1;1;0
998;-1;1;1;0
999;1;1;1;0
1000;-1;1;1;0
1001;1;1;1;0
1002;1;1;1;0
1003;-1;1;1;0
1004;-1;1;1;0
1005;1;1;1;0
1006;-1;1;1;0
1007;1;1;1;0
1008;1;1;1;0
1009;-1;1;1;0
1010;1;1;1;0
1011;-1;1;1;0
1012;-1;1;1;0
1013;-1;1;1;0
1014;-1;1;1;0
1015;1;1;1;0
1016;-1;1;1;0
1017;1;1;1;0
1018;-1;1;1;0
1019;-1;1;1;0
1020;-1;1;3;9
1021;1;1;1;9
1022;1;1;1;9
1023;1;1;1;9
1024;1;1;1;9
1025;-1;1;1;1
1026;-1;1;1;1
1027;1;1;1;1
1028;-1;1;1;1
1029;1;1;1;1
1030;-1;1;1;1
1031;1;1;1;1
1032;1;1;2;1
1033;-1;1;1;2
1034;-1;1;1;2
1035;1;1;1;2
1036;-1;1;1;2
1037;1;1;1;5
1038;0;1;1;5
1039;-1;1;1;5
1040;-1;1;1;5
1041;1;1;1;5
1042;0;1;1;5
1043;1;1;1;2
1044;1;1;1;2
1045;0;1;1;2
1046;1;1;1;10
1047;1;1;1;10
1048;1;1;1;10
1049;1;1;1;10
1050;-1;1;1;4
1051;-1;1;1;0
1052;0;1;1;6
1053;0;1;1;6
1054;1;1;1;4
1055;1;1;1;4
1056;1;1;1;4
1057;1;1;1;3
1058;1;1;1;4
1059;1;1;1;4
1060;1;1;1;4
1061;-1;1;1;4
1062;1;1;1;4
1063;-1;1;1;4
1064;1;1;1;4
1065;-1;1;1;4
1066;-1;1;1;4
1067;0;1;1;3
1068;1;1;1;3
1069;1;1;1;3
1070;1;4;6;5
1071;1;1;3;9
1072;-1;1;3;9
1073;-1;1;3;7
1074;1;1;1;0
1075;1;1;1;0
1076;1;1;1;0
1077;1;1;2;8
1078;1;1;2;8
1079;-1;1;2;8
1080;-1;1;1;0
1081;1;1;1;0
1082;-1;1;1;0
1083;-1;1;1;0
1084;1;1;1;0
1085;-1;1;1;0
1086;-1;1;1;0
1087;1;1;1;0
1088;-1;1;1;0
1089;-1;1;1;0
1090;1;1;1;0
1091;1;1;1;0
1092;1;1;1;2
1093;1;1;1;0
1094;1;1;1;2
1095;-1;1;1;0
1096;-1;1;1;0
1097;1;1;1;0
1098;1;1;1;0
1099;-1;1;1;0
1100;-1;1;1;0
1101;1;1;1;0
1102;1;1;2;11
1103;1;1;2;3
1104;1;1;2;3
1105;1;1;2;3
1106;-1;1;1;9
1107;-1;1;2;11
1108;1;1;2;11
1109;1;1;2;11
1110;-1;1;6;1
1111;1;1;6;1
1112;1;1;2;1
1113;1;1;2;1
1114;1;1;2;1
1115;-1;1;2;1
1116;-1;1;2;1
1117;-1;1;2;1
1118;1;1;2;1
1119;1;1;2;1
1120;-1;1;2;1
1121;-1;1;2;1
1122;-1;1;2;1
1123;1;1;2;1
1124;1;1;2;1
1125;-1;1;2;1
1126;-1;1;10;3
1127;-1;1;10;3
1128;1;1;10;3
1129;1;1;10;3
1130;1;1;2;1
1131;1;1;1;0
1132;-1;1;1;0
1133;-1;1;1;0
1134;1;1;1;0
1135;1;1;1;0
1136;-1;1;1;0
1137;-1;1;1;0
1138;1;1;1;0
1139;1;1;1;0
1140;-1;1;1;0
1141;1;1;1;0
1142;1;1;1;0
1143;1;1;1;0
1144;1;1;1;0
1145;-1;1;1;0
1146;-1;1;1;0
1147;1;1;1;0
1148;1;1;1;0
1149;1;1;1;0
1150;0;1;1;0
1151;1;1;1;0
1152;0;1;1;0
1153;-1;1;1;0
1154;-1;1;1;0
1155;-1;1;1;0
1156;1;1;1;0
1157;-1;1;1;0
1158;-1;1;1;0
1159;1;1;1;0
1160;1;1;1;0
1161;-1;1;1;10
1162;1;1;1;3
1163;-1;1;1;3
1164;1;1;1;3
1165;1;1;1;3
1166;1;1;1;3
1167;-1;1;1;3
1168;-1;1;1;0
1169;1;1;1;3
1170;-1;1;1;3
1171;1;1;1;3
1172;-1;1;1;3
1173;1;1;1;3
1174;1;1;1;2
1175;0;1;1;3
1176;-1;1;1;3
1177;1;1;3;5
1178;1;1;1;2
1179;1;1;1;2
1180;1;1;1;2
1181;1;1;1;0
1182;-1;1;1;0
1183;-1;1;1;0
1184;-1;1;1;2
1185;1;1;1;2
1186;-1;1;1;0
1187;1;1;1;2
1188;-1;1;1;0
1189;-1;1;1;0
1190;1;1;1;0
1191;-1;1;1;0
1192;1;1;1;0
1193;-1;1;1;0
1194;-1;1;1;0
1195;1;1;1;0
1196;-1;1;1;12
1197;0;1;1;12
1198;1;1;1;2
1199;-1;1;1;12
1200;1;1;1;12
1201;1;1;1;6
1202;0;1;1;6
1203;0;1;1;6
1204;-1;1;1;10
1205;-1;1;1;10
1206;1;1;1;10
1207;1;1;1;10
1208;-1;1;6;2
1209;-1;1;6;2
1210;-1;1;1;10
1211;-1;1;1;10
1212;1;1;1;10
1213;1;1;6;2
1214;1;1;1;8
1215;1;1;1;8
1216;-1;1;1;8
1217;1;1;1;8
1218;-1;1;1;8
1219;1;1;1;8
1220;-1;1;1;8
1221;-1;1;2;5
1222;-1;1;2;5
1223;-1;1;2;2
1224;-1;1;2;5
1225;-1;1;2;5
1226;1;1;2;5
1227;-1;1;2;2
1228;-1;1;2;2
1229;1;1;2;2
1230;-1;1;1;1
1231;-1;1;2;2
1232;-1;1;2;2
1233;1;1;2;2
1234;1;1;2;2
1235;-1;1;2;2
1236;-1;1;2;2
1237;-1;1;2;2
1238;-1;1;2;2
1239;1;1;1;1
1240;-1;1;1;0
1241;-1;1;1;12
1242;-1;1;1;12
1243;1;1;1;12
1244;-1;1;1;2
1245;-1;1;1;12
1246;-1;1;1;12
1247;0;1;1;6
1248;-1;1;1;1
1249;-1;1;1;1
1250;-1;1;1;1
1251;1;1;1;1
1252;-1;1;1;1
1253;-1;1;1;1
1254;-1;1;1;12
1255;1;1;1;12
1256;1;1;1;0
1257;1;1;1;1
1258;0;1;1;6
1259;-1;1;1;6
1260;-1;1;1;6
1261;1;1;1;6
1262;1;1;1;6
1263;-1;1;1;6
1264;-1;1;1;0
1265;1;1;1;0
1266;1;1;1;0
1267;-1;1;1;0
1268;-1;1;1;0
1269;1;1;1;0
1270;-1;1;1;0
1271;1;1;1;0
1272;-1;1;1;0
1273;1;1;1;0
1274;-1;1;1;0
1275;-1;1;1;0
1276;-1;1;1;4
1277;-1;1;1;4
1278;-1;1;1;4
1279;-1;1;1;4
1280;-1;1;1;4
1281;1;1;1;1
1282;1;1;1;1
1283;1;1;1;1
1284;-1;1;2;4
1285;-1;1;1;4
1286;1;1;1;4
1287;0;1;1;4
1288;1;1;1;2
1289;1;1;1;2
1290;-1;1;1;2
1291;-1;1;1;2
1292;-1;1;1;2
1293;-1;1;1;2
1294;1;1;1;2
1295;1;1;1;2
1296;-1;1;1;2
1297;-1;1;1;2
1298;-1;1;1;2
1299;1;1;1;2
1300;0;1;1;2
1301;1;1;1;2
1302;-1;1;1;2
1303;1;1;1;2
1304;-1;1;1;2
1305;0;1;1;2
1306;1;1;1;2
1307;-1;1;1;2
1308;-1;1;1;2
1309;-1;1;1;2
1310;1;1;1;2
1311;-1;1;1;2
1312;1;1;1;2
1313;1;1;1;0
1314;-1;1;1;0
1315;-1;1;1;4
1316;1;1;2;7
1317;1;1;1;0
1318;-1;1;1;0
1319;1;1;1;0
1320;1;1;1;0
1321;1;1;1;8
1322;1;1;2;7
1323;1;1;2;7
1324;-1;1;1;0
1325;-1;1;1;1
1326;1;1;1;1
1327;-1;1;1;1
1328;1;1;1;1
1329;1;1;1;1
1330;-1;1;1;1
1331;1;1;1;1
1332;-1;1;1;1
1333;-1;1;1;1
1334;1;1;1;1
1335;-1;1;1;1
1336;-1;1;1;1
1337;-1;1;1;1
1338;-1;1;4;9
1339;-1;1;1;1
1340;1;1;1;0
1341;-1;1;1;0
1342;-1;1;1;1
1343;-1;4;6;8
1344;-1;1;1;0
1345;1;1;1;0
1346;-1;1;1;0
1347;1;1;1;0
1348;1;1;1;0
1349;1;1;1;0
1350;1;1;1;12
1351;1;1;1;12
1352;-1;1;1;12
1353;-1;1;1;0
1354;1;1;2;7
1355;1;1;1;0
1356;-1;1;1;0
1357;1;1;1;0
1358;1;1;1;12
1359;1;1;3;10
1360;1;1;1;1
1361;1;1;1;3
1362;1;1;1;3
1363;0;1;1;3
1364;-1;1;1;3
1365;-1;1;1;3
1366;1;1;1;3
1367;0;1;1;3
1368;-1;1;1;0
1369;1;1;1;0
1370;-1;1;1;3
1371;1;1;2;12
1372;1;1;2;12
1373;1;1;2;12
1374;1;1;2;12
1375;1;1;1;7
1376;1;1;1;12
1377;1;1;1;7
1378;1;1;1;7
1379;0;1;1;3
1380;0;1;1;0
1381;1;2;6;4
1382;1;1;1;0
1383;-1;1;1;0
1384;-1;1;1;0
1385;1;1;1;0
1386;1;1;1;0
1387;-1;1;1;0
1388;1;1;1;0
1389;-1;1;1;0
1390;-1;1;1;0
1391;-1;1;1;3
1392;1;1;1;0
1393;-1;1;1;3
1394;1;1;1;0
1395;0;1;1;3
1396;1;1;1;0
1397;-1;1;1;0
1398;1;1;1;1
1399;1;1;1;1
1400;-1;1;1;1
1401;1;1;1;1
1402;1;1;1;1
1403;-1;1;1;1
1404;-1;1;1;1
1405;1;1;1;1
1406;-1;1;1;1
1407;0;1;1;1
1408;-1;1;1;1
1409;-1;1;1;2
1410;-1;1;1;2
1411;-1;1;1;2
1412;1;1;1;1
1413;1;1;1;1
1414;-1;1;1;3
1415;1;1;1;1
1416;-1;2;3;0
1417;1;1;1;2
1418;-1;1;2;1
1419;-1;1;2;1
1420;-1;1;2;1
1421;1;1;2;1
1422;1;1;1;2
1423;-1;1;2;1
1424;1;1;2;1
1425;1;1;2;1
1426;-1;2;4;11
1427;-1;1;1;5
1428;-1;1;1;9
1429;1;1;1;9
1430;-1;1;1;9
1431;1;1;1;10
1432;1;1;1;5
1433;1;1;1;10
1434;-1;1;1;10
1435;-1;1;1;10
1436;1;1;1;10
1437;-1;1;1;10
1438;-1;1;1;10
1439;1;1;1;10
1440;-1;1;1;10
1441;-1;2;12;1
1442;-1;2;6;1
1443;1;1;6;9
1444;-1;2;4;2
1445;1;1;1;3
1446;1;1;1;3
1447;1;1;1;3
1448;0;1;1;3
1449;1;1;1;3
1450;-1;2;1;7
1451;-1;2;1;7
1452;-1;1;2;9
1453;-1;2;5;1
1454;-1;1;1;12
1455;-1;1;1;12
1456;-1;1;1;8
1457;1;1;1;8
1458;-1;1;1;8
1459;1;1;1;8
1460;1;1;1;8
1461;-1;1;1;8
1462;-1;1;1;11
1463;-1;1;1;11
1464;-1;1;1;11
1465;-1;1;1;11
1466;1;1;1;11
1467;-1;1;1;11
1468;1;1;1;11
1469;1;1;1;11
1470;1;1;1;11
1471;-1;1;1;11
1472;-1;1;1;11
1473;1;1;1;11
1474;-1;1;1;11
1475;1;1;1;2
1476;-1;1;1;2
1477;1;1;1;2
1478;-1;1;1;2
1479;-1;1;1;2
1480;1;1;1;2
1481;1;1;1;0
1482;-1;1;1;0
1483;1;1;1;0
1484;-1;1;1;0
1485;1;1;1;0
1486;1;1;1;0
1487;-1;1;1;0
1488;1;1;1;0
1489;1;1;1;0
1490;1;1;1;0
1491;1;1;1;0
1492;1;1;1;0
1493;1;1;1;0
1494;1;1;1;0
1495;1;1;1;8
1496;1;1;1;8
1497;-1;1;1;8
1498;-1;1;1;8
1499;-1;1;1;9
1500;-1;1;1;9
1501;1;1;1;9
1502;1;1;1;9
1503;-1;1;1;3
1504;-1;1;1;3
1505;0;1;1;3
1506;-1;1;1;6
1507;1;1;1;6
1508;0;1;1;6
1509;-1;1;1;6
1510;-1;1;1;6
1511;1;1;1;6
1512;-1;1;1;6
1513;0;1;1;6
1514;1;1;3;2
1515;-1;1;1;1
1516;-1;1;3;2
1517;-1;1;1;4
1518;-1;1;1;6
1519;1;1;1;1
1520;1;1;1;1
1521;1;1;1;1
1522;1;1;1;1
1523;1;1;1;1
1524;-1;1;1;1
1525;-1;1;1;1
1526;-1;1;1;1
1527;-1;1;1;1
1528;-1;1;1;1
1529;1;1;1;1
1530;1;1;1;1
1531;-1;1;6;1
1532;-1;1;6;1
1533;1;1;1;8
1534;-1;1;1;8
1535;1;1;1;8
1536;-1;1;1;8
1537;-1;1;1;1
1538;-1;1;1;1
1539;1;1;1;1
1540;1;1;1;7
1541;-1;1;1;1
1542;1;1;1;1
1543;1;1;1;1
1544;1;1;1;8
1545;-1;1;1;8
1546;1;1;1;10
1547;1;1;1;10
1548;-1;1;1;1
1549;1;1;1;10
1550;1;1;1;0
1551;-1;1;1;0
1552;-1;1;1;1
1553;-1;1;1;1
1554;1;2;2;11
1555;-1;1;1;9
1556;-1;1;2;9
1557;1;1;1;9
1558;1;1;2;9
1559;1;1;2;9
1560;1;1;1;9
1561;1;1;1;9
1562;1;1;1;9
1563;-1;1;1;9
1564;-1;1;1;9
1565;0;1;1;9
1566;0;1;1;2
1567;0;1;1;9
1568;1;1;1;9
1569;1;1;1;9
1570;-1;1;1;3
1571;1;1;1;9
1572;1;1;1;3
1573;0;1;1;0
1574;1;1;1;1
1575;1;1;1;1
1576;1;1;1;9
1577;1;1;1;9
1578;-1;1;1;9
1579;-1;1;1;9
1580;0;1;1;4
1581;1;1;1;4
1582;-1;1;1;4
1583;1;1;1;4
1584;1;1;1;4
1585;1;1;1;4
1586;-1;1;1;0
1587;1;1;1;0
1588;-1;1;1;0
1589;1;1;1;0
1590;1;1;1;0
1591;1;1;1;4
1592;1;1;1;2
1593;1;1;12;2
1594;1;1;12;2
1595;1;1;12;2
1596;-1;1;7;2
1597;1;1;1;0
1598;-1;1;1;0
1599;1;1;1;10
1600;-1;1;1;10
1601;-1;1;1;0
1602;1;1;1;0
1603;1;1;1;7
1604;1;1;1;0
1605;1;1;1;4
1606;1;1;1;4
1607;-1;1;1;4
1608;1;1;1;4
1609;-1;1;1;4
1610;1;1;1;0
1611;-1;1;1;0
1612;1;1;1;0
1613;-1;1;1;0
1614;-1;1;1;0
1615;1;1;1;0
1616;1;2;3;8
1617;1;1;1;0
1618;-1;1;1;0
1619;-1;1;1;0
1620;1;1;1;0
1621;-1;1;1;4
1622;1;1;1;2
1623;-1;1;1;2
1624;1;1;2;7
1625;1;1;5;1
1626;1;1;4;9
1627;-1;1;1;5
1628;1;1;11;1
1629;-1;1;1;5
1630;-1;1;1;5
1631;-1;1;1;5
1632;1;1;1;5
1633;-1;1;1;5
1634;1;1;1;5
1635;1;1;1;5
1636;1;1;1;5
1637;-1;1;1;5
1638;1;1;1;1
1639;1;1;1;1
1640;1;1;2;5
1641;1;1;2;5
1642;1;1;1;1
1643;-1;1;1;1
1644;1;1;1;1
1645;-1;1;1;1
1646;1;1;1;1
1647;1;1;5;3
1648;1;1;2;11
1649;1;1;2;11
1650;-1;1;2;11
1651;-1;1;2;11
1652;1;1;2;11
1653;1;1;2;11
1654;1;1;2;11
1655;1;1;2;1
1656;-1;1;2;11
1657;1;1;2;1
1658;1;1;2;0
1659;1;1;2;1
1660;1;1;2;1
1661;1;1;2;1
1662;1;1;1;8
1663;0;1;1;8
1664;1;1;1;10
1665;-1;1;1;10
1666;-1;1;1;0
1667;1;1;1;0
1668;1;1;1;10
1669;1;1;1;10
1670;0;1;1;10
1671;1;1;1;10
1672;1;1;1;6
1673;1;1;1;6
1674;1;1;2;0
1675;1;1;2;0
1676;1;1;1;1
1677;1;1;1;1
1678;1;1;1;1
1679;1;1;1;1
1680;-1;1;1;1
1681;1;1;1;1
1682;-1;1;1;1
1683;-1;1;1;1
1684;1;1;1;1
1685;-1;1;1;1
1686;-1;1;1;1
1687;-1;1;1;0
1688;1;1;1;1
1689;1;1;1;1
1690;-1;1;1;1
1691;1;1;1;0
1692;1;1;1;1
1693;1;1;1;0
1694;1;1;1;0
1695;-1;1;1;0
1696;-1;1;1;0
1697;1;1;1;0
1698;1;1;1;0
1699;-1;1;1;0
1700;-1;1;1;0
1701;1;1;1;0
1702;-1;1;1;0
1703;1;1;1;0
1704;-1;1;1;0
1705;1;1;1;0
1706;1;1;1;0
1707;1;1;1;0
1708;-1;1;1;0
1709;1;1;1;0
1710;1;1;1;0
1711;-1;1;1;0
1712;1;1;1;0
1713;1;1;1;0
1714;-1;1;1;0
1715;1;1;1;0
1716;1;1;1;0
1717;1;1;1;0
1718;1;1;1;1
1719;-1;1;1;1
1720;-1;1;1;1
1721;1;1;1;1
1722;1;1;1;1
1723;1;1;1;1
1724;-1;1;1;1
1725;-1;1;1;1
1726;-1;1;1;1
1727;-1;1;1;0
1728;-1;1;1;0
1729;-1;1;1;1
1730;1;1;1;0
1731;1;1;1;1
1732;-1;1;4;8
1733;-1;1;4;8
1734;1;1;1;0
1735;1;1;1;0
1736;-1;1;1;0
1737;1;1;1;0
1738;-1;1;1;0
1739;1;1;1;0
1740;-1;1;1;0
1741;1;1;1;0
1742;1;1;1;0
1743;-1;1;1;0
1744;-1;1;1;0
1745;-1;1;1;0
1746;-1;1;1;0
1747;-1;1;1;0
1748;-1;1;1;0
1749;-1;1;1;0
1750;1;1;1;0
1751;-1;1;1;0
1752;-1;1;1;1
1753;1;1;1;1
1754;1;1;1;1
1755;-1;1;1;1
1756;-1;1;1;1
1757;1;1;1;1
1758;1;1;1;1
1759;1;1;1;1
1760;-1;2;2;5
1761;1;1;1;1
1762;-1;2;10;10
1763;-1;2;10;10
1764;-1;2;1;2
1765;1;2;1;2
1766;1;2;1;2
1767;-1;2;1;2
1768;1;2;1;2
1769;-1;1;1;0
1770;1;1;1;1
1771;1;1;1;1
1772;1;1;1;0
1773;-1;1;1;0
1774;1;1;1;0
1775;1;1;1;0
1776;-1;1;1;1
1777;1;1;1;1
1778;-1;1;1;1
1779;1;1;1;1
1780;1;1;1;8
1781;-1;1;1;1
1782;1;1;2;7
1783;1;1;2;7
1784;-1;1;1;7
1785;1;1;1;1
1786;1;1;1;1
1787;-1;1;1;1
1788;1;1;1;5
1789;1;1;2;5
1790;1;1;1;5
1791;1;1;1;5
1792;-1;1;1;5
1793;-1;1;1;5
1794;-1;1;1;5
1795;-1;1;1;5
1796;0;1;1;5
1797;1;1;1;5
1798;-1;1;1;1
1799;1;1;1;1
1800;1;1;1;5
1801;-1;1;5;10
1802;-1;1;2;0
1803;-1;1;2;0
1804;-1;1;2;0
1805;-1;1;2;0
1806;-1;2;2;12
1807;1;1;6;2
1808;1;1;6;2
1809;1;2;1;7
1810;-1;2;1;7
1811;1;2;1;7
1812;1;2;1;7
1813;1;4;8;8
1814;-1;2;6;5
1815;1;3;3;4
1816;1;1;6;1
1817;1;1;6;1
1818;1;1;5;10
1819;1;1;6;1
1820;1;1;6;1
1821;1;2;1;0
1822;1;1;6;1
1823;1;1;6;1
1824;-1;1;1;12
1825;1;1;1;12
1826;0;1;1;11
1827;0;1;1;11
1828;-1;1;1;11
1829;-1;1;1;11
1830;-1;1;1;11
1831;-1;1;1;1
1832;-1;1;7;5
1833;-1;1;2;5
1834;-1;1;7;5
1835;-1;1;1;5
1836;0;1;1;5
1837;1;1;1;0
1838;-1;1;1;0
1839;-1;1;1;0
1840;-1;1;1;0
1841;-1;1;1;0
1842;-1;1;1;0
1843;-1;1;1;0
1844;1;1;1;0
1845;-1;1;1;0
1846;-1;1;1;0
1847;1;1;1;0
1848;1;1;1;0
1849;-1;1;1;1
1850;-1;1;1;0
1851;1;1;1;0
1852;-1;1;1;0
1853;-1;1;1;0
1854;-1;1;1;0
1855;1;1;1;0
1856;-1;1;1;0
1857;-1;1;1;0
1858;-1;1;1;0
1859;-1;1;1;0
1860;-1;1;1;0
1861;1;1;1;0
1862;-1;1;1;0
1863;1;1;1;0
1864;1;1;1;0
1865;1;1;1;0
1866;-1;1;1;0
1867;-1;1;1;0
1868;-1;1;1;0
1869;-1;1;1;0
1870;-1;1;1;0
1871;-1;1;1;0
1872;-1;1;1;0
1873;-1;1;1;0
1874;0;1;1;0
1875;1;1;1;0
1876;-1;1;1;0
1877;1;1;1;0
1878;1;1;1;1
1879;1;1;1;1
1880;1;1;1;1
1881;-1;1;1;1
1882;1;1;1;1
1883;1;1;1;1
1884;-1;1;1;1
1885;1;1;1;1
1886;1;1;1;1
1887;1;1;1;1
1888;-1;1;1;1
1889;0;1;1;3
1890;1;1;1;3
1891;-1;1;1;3
1892;1;1;1;4
1893;-1;1;1;1
1894;1;1;1;3
1895;-1;1;1;3
1896;1;1;1;3
1897;-1;1;1;0
1898;1;1;1;5
1899;1;1;1;5
1900;1;1;1;0
1901;1;1;1;5
1902;-1;1;1;5
1903;1;1;1;5
1904;-1;1;1;5
1905;0;1;1;5
1906;-1;1;1;5
1907;1;1;1;5
1908;-1;1;1;0
1909;-1;1;1;0
1910;-1;1;1;0
1911;1;1;1;0
1912;1;1;1;5
1913;0;1;1;4
1914;-1;1;1;4
1915;-1;1;1;4
1916;0;1;1;4
1917;1;1;1;4
1918;0;1;1;4
1919;0;1;1;4
1920;-1;1;1;4
1921;-1;1;1;5
1922;1;1;1;5
1923;1;1;1;5
1924;-1;1;1;5
1925;-1;1;1;5
1926;-1;1;1;5
1927;1;1;1;5
1928;-1;1;1;5
1929;1;1;1;5
1930;0;1;1;5
1931;-1;1;1;0
1932;1;1;1;0
1933;1;1;1;0
1934;-1;1;1;0
1935;-1;1;1;0
1936;1;1;1;0
1937;-1;1;1;0
1938;-1;1;1;0
1939;-1;1;1;0
1940;1;1;1;0
1941;-1;1;1;0
1942;1;1;1;0
1943;-1;1;1;0
1944;-1;1;1;0
1945;1;1;1;0
1946;-1;1;1;0
1947;1;1;1;0
1948;1;1;1;0
1949;-1;1;1;0
1950;1;1;1;0
1951;-1;1;1;0
1952;1;1;1;0
1953;-1;1;1;0
1954;-1;1;1;0
1955;-1;1;1;0
1956;-1;2;2;2
1957;-1;2;2;2
1958;-1;1;1;1
1959;-1;1;1;1
1960;-1;1;1;1
1961;1;1;1;1
1962;-1;1;1;1
1963;1;1;1;1
1964;1;1;1;1
1965;-1;2;1;4
1966;1;2;1;9
1967;-1;2;1;9
1968;-1;2;1;9
1969;1;1;1;6
1970;1;1;1;8
1971;1;1;1;10
1972;1;1;1;8
1973;-1;1;1;8
1974;1;1;1;10
1975;1;1;1;8
1976;-1;1;1;8
1977;-1;1;2;5
1978;-1;1;1;10
1979;0;1;1;5
1980;1;1;1;7
1981;1;1;1;7
1982;1;1;1;7
1983;1;1;1;10
1984;-1;1;5;11
1985;1;1;1;7
1986;-1;1;1;7
1987;1;1;5;11
1988;1;1;1;1
1989;-1;1;1;1
1990;1;1;1;1
1991;1;1;1;1
1992;-1;1;1;1
1993;-1;1;1;1
1994;1;1;1;1
1995;1;1;1;1
1996;-1;1;1;1
1997;1;1;1;2
1998;-1;1;1;2
1999;1;1;1;2
2000;-1;1;1;2
2001;1;1;1;2
2002;-1;1;1;2
2003;-1;1;1;2
2004;1;1;1;1
2005;0;1;1;2
2006;1;1;1;2
2007;1;1;1;2
2008;-1;1;1;2
2009;1;1;1;1
2010;1;1;7;11
2011;-1;1;1;0
2012;1;1;1;0
2013;-1;1;1;0
2014;1;1;1;2
2015;-1;1;1;0
2016;1;1;1;2
2017;-1;1;1;1
2018;1;1;1;1
2019;1;1;1;8
2020;1;1;1;0
2021;-1;1;1;0
2022;-1;1;1;0
2023;1;1;1;0
2024;1;1;1;0
2025;1;1;1;0
2026;1;1;1;0
2027;1;1;1;0
2028;1;1;1;0
2029;-1;1;1;0
2030;1;1;1;0
2031;-1;1;1;0
2032;1;1;1;0
2033;1;1;1;0
2034;-1;1;1;0
2035;-1;1;1;0
2036;-1;1;1;0
2037;1;1;1;0
2038;1;1;1;0
2039;-1;1;1;0
2040;1;1;1;0
2041;1;2;2;6
2042;1;1;1;8
2043;-1;1;1;8
2044;1;1;1;5
2045;0;1;1;5
2046;-1;1;1;5
2047;-1;1;1;5
2048;1;1;1;5
2049;-1;1;1;5
2050;1;1;1;5
2051;1;1;1;5
2052;1;1;1;5
2053;-1;1;1;5
2054;1;1;1;5
2055;1;1;1;5
2056;1;1;1;8
2057;-1;1;1;6
2058;-1;1;1;6
2059;1;1;1;2
2060;-1;1;1;2
2061;-1;1;1;0
2062;-1;1;1;0
2063;-1;1;1;0
2064;1;1;1;0
2065;-1;1;1;0
2066;-1;1;1;4
2067;1;1;1;4
2068;-1;1;1;4
2069;1;1;1;4
2070;-1;1;1;4
2071;1;1;1;4
2072;-1;1;1;4
2073;0;1;1;6
2074;-1;1;1;4
2075;-1;1;2;4
2076;1;1;1;6
2077;1;1;1;6
2078;-1;1;1;5
2079;1;1;1;5
2080;0;1;1;5
2081;0;1;1;6
2082;0;1;1;6
2083;0;1;1;6
2084;0;1;1;6
2085;0;1;1;6
2086;-1;1;1;0
2087;-1;1;1;0
2088;0;1;1;0
2089;-1;1;1;0
2090;-1;1;1;0
2091;-1;1;1;0
2092;-1;1;1;0
2093;1;1;1;0
2094;-1;1;1;0
2095;1;1;1;0
2096;-1;1;1;0
2097;-1;1;1;0
2098;-1;1;1;0
2099;1;1;1;0
2100;-1;1;1;0
2101;-1;1;1;0
2102;1;1;1;0
2103;1;1;1;0
2104;1;1;1;0
2105;-1;1;1;0
2106;-1;1;1;0
2107;-1;1;1;0
2108;-1;1;1;0
2109;1;1;1;10
2110;1;1;1;2
2111;0;1;1;5
2112;-1;1;1;6
2113;1;1;1;4
2114;-1;1;1;4
2115;1;1;1;4
2116;-1;1;1;4
2117;0;1;1;5
2118;-1;1;1;4
2119;-1;1;1;6
2120;-1;1;1;4
2121;-1;1;1;6
2122;-1;1;1;5
2123;-1;1;1;5
2124;1;1;1;0
2125;1;1;1;0
2126;-1;1;1;0
2127;-1;1;1;0
2128;-1;1;1;0
2129;-1;2;1;10
2130;-1;2;1;10
2131;1;2;1;10
2132;-1;1;1;0
2133;1;2;1;10
2134;-1;2;1;10
2135;1;1;2;2
2136;-1;1;12;0
2137;-1;1;1;0
2138;1;1;1;0
2139;1;1;1;0
2140;-1;1;1;2
2141;1;1;12;0
2142;1;1;1;2
2143;-1;1;1;0
2144;1;1;1;2
2145;1;1;1;0
2146;-1;1;1;2
2147;1;1;1;2
2148;-1;1;1;2
2149;1;1;1;2
2150;1;1;1;2
2151;1;2;11;9
2152;1;2;11;9
2153;1;2;11;9
2154;1;2;11;9
2155;1;2;1;1
2156;1;1;1;9
2157;1;2;1;1
2158;1;2;3;11
2159;1;2;1;1
2160;-1;2;1;1
2161;-1;1;1;9
2162;-1;2;1;1
2163;-1;2;1;1
2164;-1;2;1;1
2165;1;1;1;0
2166;1;1;1;0
2167;-1;1;1;0
2168;-1;1;1;0
2169;1;1;1;0
2170;1;1;1;0
2171;-1;1;1;0
2172;1;1;1;0
2173;-1;1;1;0
2174;1;1;1;0
2175;-1;1;1;1
2176;1;1;3;2
2177;1;1;1;1
2178;1;1;1;1
2179;-1;1;1;1
2180;-1;1;1;1
2181;1;1;1;1
2182;1;1;1;1
2183;1;1;1;2
2184;-1;2;5;7
2185;1;2;5;7
2186;-1;1;1;2
2187;1;1;1;2
2188;-1;1;1;2
2189;-1;1;1;2
2190;-1;1;2;11
2191;-1;1;2;11
2192;-1;1;2;11
2193;-1;1;2;11
2194;1;2;4;12
2195;-1;1;2;11
2196;1;2;4;12
2197;1;2;4;12
2198;1;1;6;8
2199;1;1;1;5
2200;-1;1;1;5
2201;1;1;1;5
2202;-1;1;1;5
2203;-1;1;1;0
2204;0;1;1;0
2205;-1;1;1;0
2206;1;1;1;0
2207;1;1;1;0
2208;1;1;1;0
2209;1;1;1;0
2210;-1;1;1;0
2211;-1;1;1;0
2212;0;1;1;0
2213;1;1;1;0
2214;-1;1;1;0
2215;-1;1;1;0
2216;1;1;1;0
2217;-1;1;1;0
2218;-1;1;1;0
2219;1;1;1;0
2220;1;1;1;0
2221;1;1;1;8
2222;1;1;4;6
2223;1;1;4;6
2224;1;1;4;6
2225;1;1;2;6
2226;1;1;2;6
2227;1;1;6;0
2228;1;1;4;6
2229;-1;1;4;6
2230;-1;1;1;1
2231;-1;1;1;6
2232;1;1;1;6
2233;1;1;1;1
2234;1;1;1;1
2235;0;1;1;6
2236;-1;1;1;1
2237;1;1;1;1
2238;1;1;1;1
2239;1;1;1;1
2240;1;1;1;1
2241;-1;1;1;1
2242;-1;1;1;1
2243;1;1;1;1
2244;1;1;1;1
2245;1;1;1;1
2246;1;1;1;1
2247;-1;1;3;4
2248;-1;1;1;0
2249;-1;1;1;0
2250;1;1;1;0
2251;-1;1;1;0
2252;-1;1;1;0
2253;1;1;1;0
2254;1;1;1;0
2255;0;1;1;6
2256;-1;1;1;6
2257;1;1;1;6
2258;-1;1;1;0
2259;1;1;1;0
2260;-1;1;1;2
2261;1;1;1;2
2262;-1;1;1;2
2263;1;1;1;2
2264;1;1;1;2
2265;1;1;1;2
2266;-1;1;1;2
2267;1;1;1;2
2268;-1;1;2;10
2269;-1;1;1;2
2270;-1;1;1;5
2271;0;1;1;5
2272;-1;1;1;5
2273;1;1;1;0
2274;-1;1;1;0
2275;1;1;1;0
2276;-1;1;1;0
2277;-1;1;1;0
2278;-1;1;1;1
2279;1;1;1;1
2280;-1;1;1;1
2281;-1;1;1;1
2282;1;1;1;1
2283;-1;1;1;2
2284;-1;1;1;1
2285;1;1;1;2
2286;-1;1;1;2
2287;-1;1;1;2
2288;-1;1;1;2
2289;1;1;1;2
2290;1;1;1;2
2291;-1;1;1;2
2292;1;1;1;2
2293;1;1;1;2
2294;1;1;1;7
2295;1;1;1;7
2296;1;1;1;2
2297;1;1;1;2
2298;-1;1;1;2
2299;-1;1;1;2
2300;-1;1;1;2
2301;-1;1;1;1
2302;-1;1;1;1
2303;-1;1;1;1
2304;-1;1;1;1
2305;-1;1;1;1
2306;1;1;1;1
2307;1;1;1;1
2308;1;1;1;1
2309;1;1;1;3
2310;-1;1;1;3
2311;1;1;1;1
2312;-1;1;1;1
2313;1;1;1;1
2314;1;1;1;1
2315;-1;1;1;1
2316;1;2;7;4
2317;1;2;7;4
2318;-1;1;1;0
2319;-1;1;7;0
2320;-1;2;5;10
2321;-1;2;5;10
2322;-1;1;8;6
2323;-1;1;8;6
2324;1;2;12;4
2325;1;1;1;0
2326;1;1;1;0
2327;1;1;1;0
2328;-1;1;1;0
2329;-1;1;1;0
2330;-1;1;1;0
2331;1;1;1;0
2332;1;1;1;0
2333;1;1;1;0
2334;1;1;1;0
2335;1;1;1;0
2336;-1;1;1;0
2337;-1;1;1;0
2338;-1;1;1;3
2339;1;1;1;2
2340;1;1;1;3
2341;1;1;1;3
2342;-1;1;1;2
2343;1;1;1;2
2344;0;1;1;2
2345;-1;1;1;3
2346;-1;1;1;3
2347;1;1;1;2
2348;1;1;1;2
2349;-1;1;1;2
2350;1;1;1;2
2351;-1;1;1;2
2352;1;1;1;2
2353;1;1;1;3
2354;1;1;1;3
2355;1;1;1;3
2356;-1;1;1;3
2357;-1;1;1;7
2358;1;1;1;11
2359;1;1;1;7
2360;0;1;1;7
2361;1;1;1;7
2362;-1;1;1;11
2363;1;1;1;11
2364;-1;1;1;9
2365;1;1;1;9
2366;1;1;1;9
2367;1;1;1;9
2368;-1;1;1;9
2369;1;1;1;9
2370;-1;1;1;2
2371;-1;1;1;2
2372;-1;1;1;2
2373;1;1;1;0
2374;-1;1;1;0
2375;1;1;1;0
2376;-1;1;1;0
2377;1;1;1;0
2378;-1;1;1;0
2379;1;1;1;0
2380;-1;1;1;0
2381;-1;1;1;0
2382;1;1;1;0
2383;-1;1;1;0
2384;-1;1;1;0
2385;-1;1;1;2
2386;-1;1;1;2
2387;-1;1;1;4
2388;-1;2;11;10
2389;-1;2;6;5
2390;-1;1;1;8
2391;1;1;1;8
2392;-1;1;1;8
2393;1;1;1;8
2394;1;1;1;8
2395;-1;1;1;8
2396;-1;1;1;4
2397;1;1;1;4
2398;0;1;1;4
2399;1;1;1;4
2400;-1;1;1;4
2401;-1;1;1;2
2402;-1;1;1;2
2403;-1;1;1;0
2404;-1;1;1;0
2405;1;1;1;0
2406;-1;1;1;0
2407;-1;1;1;0
2408;-1;1;1;0
2409;-1;1;1;0
2410;-1;1;1;0
2411;0;1;1;0
2412;1;1;1;0
2413;1;1;1;0
2414;-1;1;1;0
2415;1;1;1;9
2416;1;1;1;9
2417;-1;1;1;0
2418;1;1;1;9
2419;-1;1;1;1
2420;1;1;12;8
2421;1;1;12;8
2422;-1;1;1;1
2423;1;1;1;1
2424;1;1;12;8
2425;-1;1;1;1
2426;1;1;12;8
2427;-1;1;1;12
2428;1;1;1;12
2429;1;1;12;8
2430;1;1;1;4
2431;-1;1;7;11
2432;-1;1;3;11
2433;1;3;3;5
2434;1;3;3;5
2435;1;3;3;5
2436;1;3;3;5
2437;1;1;5;2
2438;-1;1;5;2
2439;1;1;1;3
2440;-1;1;1;8
2441;1;1;5;2
2442;-1;1;1;8
2443;0;1;1;8
2444;-1;1;6;8
2445;-1;1;1;8
2446;-1;1;1;7
2447;1;1;1;8
2448;-1;1;5;10
2449;1;1;1;8
2450;0;1;1;8
2451;-1;1;1;8
2452;-1;1;2;10
2453;-1;1;1;8
2454;-1;1;2;10
2455;-1;1;1;8
2456;-1;1;1;8
2457;1;1;1;8
2458;-1;1;5;8
2459;1;1;5;8
2460;1;1;2;12
2461;1;1;2;12
2462;1;1;5;7
2463;-1;1;1;8
2464;1;1;1;8
2465;1;1;2;12
2466;1;3;2;6
2467;1;3;2;6
2468;1;3;2;6
2469;-1;3;2;6
2470;-1;1;1;0
2471;-1;1;1;0
2472;1;1;1;1
2473;-1;1;1;1
2474;-1;1;1;1
2475;1;1;1;1
2476;-1;1;1;1
2477;1;1;1;1
2478;-1;1;1;1
2479;1;1;1;1
2480;-1;1;2;11
2481;1;1;3;6
2482;1;1;3;6
2483;1;1;3;6
2484;1;1;3;6
2485;-1;1;3;6
2486;-1;1;1;8
2487;1;1;1;8
2488;1;1;1;8
2489;1;1;1;8
2490;1;1;1;8
2491;-1;1;1;8
2492;-1;1;2;7
2493;-1;1;2;7
2494;-1;1;2;7
2495;-1;1;2;7
2496;1;1;2;7
2497;1;1;2;7
2498;-1;1;3;2
2499;-1;1;2;7
2500;-1;1;2;7
2501;-1;1;2;7
2502;1;1;1;0
2503;-1;1;1;0
2504;-1;1;1;0
2505;-1;1;1;0
2506;-1;1;1;0
2507;-1;1;1;0
2508;-1;1;2;2
2509;1;1;2;2
2510;1;1;2;2
2511;-1;1;2;2
2512;1;1;1;0
2513;0;1;1;5
2514;-1;1;1;5
2515;1;1;1;5
2516;1;1;1;5
2517;-1;1;1;0
2518;0;1;1;2
2519;-1;1;1;2
2520;1;1;1;2
2521;-1;1;1;2
2522;1;1;1;2
2523;-1;1;1;2
2524;1;1;1;2
2525;0;1;1;3
2526;1;1;1;3
2527;-1;1;1;3
2528;1;1;1;3
2529;-1;1;1;3
2530;1;1;1;3
2531;-1;1;1;1
2532;-1;1;1;1
2533;1;1;1;1
2534;1;1;1;1
2535;-1;1;1;1
2536;-1;1;1;1
2537;-1;1;1;1
2538;1;1;2;8
2539;-1;1;1;2
2540;1;1;1;2
2541;1;1;7;11
2542;-1;1;2;8
2543;1;1;3;4
2544;-1;1;1;2
2545;1;1;1;2
2546;-1;1;1;2
2547;-1;1;6;2
2548;-1;2;1;10
2549;-1;2;1;10
2550;-1;2;1;10
2551;-1;2;1;4
2552;1;2;1;8
2553;1;2;1;8
2554;1;2;1;8
2555;1;2;3;1
2556;1;2;3;1
2557;-1;2;1;2
2558;-1;2;1;2
2559;1;1;5;2
2560;1;1;5;2
2561;-1;1;1;0
2562;-1;1;1;0
2563;-1;1;1;0
2564;1;1;1;0
2565;-1;1;1;0
2566;1;1;1;0
2567;-1;1;1;0
2568;-1;1;1;0
2569;-1;1;1;0
2570;-1;1;1;0
2571;1;1;1;0
2572;1;1;3;10
2573;-1;1;1;0
2574;1;1;3;10
2575;1;1;3;10
2576;1;1;3;10
2577;-1;1;3;10
2578;-1;1;3;10
2579;-1;1;1;10
2580;-1;1;1;10
2581;1;1;4;9
2582;1;1;4;9
2583;1;1;4;9
2584;1;1;7;9
2585;1;1;7;9
2586;-1;1;1;1
2587;1;1;1;1
2588;1;1;1;1
2589;-1;1;1;1
2590;1;1;1;1
2591;-1;1;1;1
2592;1;1;1;1
2593;-1;1;1;1
2594;-1;1;1;1
2595;1;1;1;1
2596;1;1;1;1
2597;1;1;1;1
2598;-1;1;1;1
2599;-1;1;1;1
2600;-1;1;1;1
2601;-1;1;1;1
2602;-1;1;1;1
2603;1;1;1;1
2604;1;1;1;1
2605;-1;1;1;1
2606;1;1;1;1
2607;-1;1;1;1
2608;1;1;1;1
2609;1;1;1;1
2610;-1;1;1;1
2611;1;1;1;1
2612;1;1;1;1
2613;1;1;1;1
2614;1;1;1;1
2615;-1;1;1;1
2616;1;1;1;1
2617;1;1;1;3
2618;-1;1;1;3
2619;1;1;1;3
2620;1;1;1;2
2621;-1;1;1;2
2622;1;1;1;2
2623;-1;1;1;2
2624;1;1;1;2
2625;-1;1;1;3
2626;0;1;1;3
2627;1;1;1;8
2628;1;1;1;8
2629;-1;1;1;8
2630;-1;1;1;8
2631;-1;1;1;3
2632;1;1;3;5
2633;-1;1;1;3
2634;1;1;3;5
2635;1;1;3;5
2636;1;1;1;1
2637;-1;1;1;1
2638;1;1;1;1
2639;-1;1;1;1
2640;1;1;1;1
2641;1;1;1;1
2642;1;1;1;1
2643;1;1;1;1
2644;-1;1;1;11
2645;1;2;1;10
2646;-1;1;1;11
2647;-1;1;1;11
2648;-1;2;2;3
2649;1;1;4;8
2650;-1;1;4;8
2651;-1;1;4;8
2652;1;1;4;8
2653;1;1;1;7
2654;1;1;1;7
2655;-1;1;1;7
2656;-1;1;1;7
2657;-1;1;1;8
2658;-1;1;1;8
2659;-1;1;1;12
2660;1;1;1;12
2661;-1;1;1;12
2662;-1;1;1;8
2663;1;1;1;8
2664;1;1;1;8
2665;1;1;1;8
2666;-1;1;1;12
2667;1;1;1;12
2668;-1;1;1;12
2669;1;1;1;3
2670;1;1;1;3
2671;-1;1;1;3
2672;1;2;3;0
2673;-1;1;1;3
2674;-1;1;1;3
2675;-1;1;1;3
2676;-1;1;1;5
2677;1;1;1;3
2678;1;1;1;3
2679;-1;1;1;3
2680;-1;1;1;3
2681;1;1;1;3
2682;1;1;1;2
2683;-1;1;1;2
2684;-1;1;1;2
2685;-1;1;3;2
2686;1;1;1;2
2687;-1;1;1;0
2688;1;1;3;2
2689;0;1;1;3
2690;0;1;1;3
2691;1;1;1;3
2692;1;1;1;3
2693;1;1;1;3
2694;-1;1;1;3
2695;1;1;1;3
2696;1;1;1;3
2697;1;1;1;3
2698;1;1;1;3
2699;1;1;1;3
2700;1;1;1;3
2701;-1;1;1;3
2702;-1;1;1;3
2703;-1;1;1;3
2704;-1;1;1;1
2705;1;1;1;1
2706;1;1;1;1
2707;-1;1;1;0
2708;-1;1;1;0
2709;-1;1;1;3
2710;-1;1;1;3
2711;1;1;1;3
2712;1;1;1;3
2713;-1;1;1;3
2714;-1;1;1;3
2715;0;1;1;3
2716;1;1;1;3
2717;-1;1;1;3
2718;-1;1;1;3
2719;-1;1;1;3
2720;1;1;2;10
2721;1;1;1;3
2722;-1;1;1;3
2723;0;1;1;3
2724;0;1;1;3
2725;-1;1;1;4
2726;1;1;1;4
2727;-1;1;1;4
2728;1;1;1;4
2729;-1;1;1;4
2730;-1;1;1;0
2731;-1;1;1;1
2732;1;1;1;1
2733;1;1;1;3
2734;-1;2;7;12
2735;-1;1;1;3
2736;-1;1;1;3
2737;1;1;1;3
2738;-1;1;1;3
2739;-1;2;6;1
2740;1;1;1;9
2741;-1;1;1;9
2742;-1;2;6;1
2743;1;1;1;3
2744;-1;1;1;3
2745;1;1;1;3
2746;1;1;1;3
2747;1;1;1;3
2748;-1;1;1;3
2749;1;1;1;3
2750;1;1;1;3
2751;-1;2;2;4
2752;-1;1;1;2
2753;1;1;1;2
2754;1;1;1;2
2755;-1;1;1;1
2756;1;1;1;1
2757;1;1;1;1
2758;-1;1;1;1
2759;1;1;1;1
2760;-1;1;1;1
2761;-1;1;1;1
2762;-1;1;1;1
2763;-1;1;1;1
2764;1;2;11;3
2765;1;2;11;3
2766;1;2;11;3
2767;1;2;11;3
2768;-1;1;3;9
2769;1;1;3;9
2770;1;1;1;5
2771;1;1;1;5
2772;1;1;1;5
2773;-1;1;1;5
2774;1;1;1;5
2775;1;1;1;5
2776;1;1;1;5
2777;1;1;1;5
2778;-1;1;1;5
2779;1;1;1;5
2780;1;1;1;5
2781;-1;1;1;9
2782;-1;1;1;9
2783;1;1;1;5
2784;-1;1;1;9
2785;-1;1;1;9
2786;-1;1;1;8
2787;-1;1;1;9
2788;1;1;1;0
2789;1;1;1;9
2790;-1;1;1;9
2791;-1;1;1;9
2792;1;1;1;9
2793;1;1;1;9
2794;0;1;1;9
2795;-1;1;1;9
2796;1;1;1;9
2797;1;1;1;9
2798;1;1;1;0
2799;1;1;1;2
2800;-1;1;1;2
2801;1;1;2;2
2802;1;1;2;2
2803;-1;1;2;2
2804;-1;1;1;2
2805;1;1;1;9
2806;1;1;1;1
2807;1;1;1;1
2808;-1;1;1;1
2809;-1;1;1;9
2810;0;1;1;9
2811;-1;1;1;9
2812;1;1;1;1
2813;-1;1;1;0
2814;1;1;1;1
2815;1;1;1;1
2816;1;2;10;3
2817;1;1;1;12
2818;1;1;1;12
2819;-1;1;1;12
2820;-1;1;1;0
2821;1;2;1;4
2822;1;1;9;1
2823;1;2;1;7
2824;-1;2;1;7
2825;1;1;1;11
2826;-1;1;1;11
2827;1;2;1;7
2828;1;2;8;11
2829;-1;1;9;1
2830;-1;1;9;1
2831;-1;1;9;1
2832;-1;1;1;11
2833;-1;2;5;12
2834;-1;2;5;12
2835;-1;2;5;12
2836;-1;2;5;12
2837;1;1;1;4
2838;0;1;1;4
2839;0;1;1;4
2840;-1;1;1;4
2841;-1;1;1;4
2842;0;1;1;4
2843;-1;1;1;4
2844;-1;1;1;4
2845;1;1;1;4
2846;-1;1;1;4
2847;-1;1;11;9
2848;-1;1;1;2
2849;1;1;1;2
2850;-1;1;1;2
2851;-1;1;1;2
2852;1;1;1;2
2853;-1;1;1;2
2854;-1;1;1;2
2855;-1;1;1;2
2856;1;1;1;2
2857;-1;1;1;2
2858;1;1;1;2
2859;-1;1;1;2
2860;-1;1;1;2
2861;1;1;1;2
2862;1;1;1;2
2863;1;1;1;0
2864;1;1;1;0
2865;1;1;1;0
2866;1;1;1;0
2867;1;1;1;0
2868;-1;1;1;0
2869;1;1;1;0
2870;-1;1;1;0
2871;1;1;1;0
2872;-1;1;1;0
2873;1;1;1;0
2874;1;1;1;0
2875;-1;1;6;3
2876;-1;1;6;8
2877;1;1;6;8
2878;1;1;2;7
2879;1;1;2;7
2880;0;1;1;3
2881;1;1;1;7
2882;-1;1;1;3
2883;-1;1;1;3
2884;1;1;1;3
2885;1;1;1;6
2886;1;1;1;3
2887;1;2;3;2
2888;-1;1;2;7
2889;-1;1;2;7
2890;1;2;3;2
2891;1;1;2;7
2892;1;1;2;7
2893;-1;1;1;6
2894;-1;1;2;7
2895;-1;1;1;2
2896;1;1;1;2
2897;-1;1;1;2
2898;-1;1;1;2
2899;1;1;1;2
2900;1;1;1;2
2901;-1;1;1;2
2902;-1;1;1;12
2903;-1;1;1;12
2904;1;1;1;2
2905;1;1;1;1
2906;-1;1;1;0
2907;-1;1;1;0
2908;-1;1;1;0
2909;1;1;1;0
2910;-1;1;1;0
2911;0;1;1;2
2912;1;1;1;0
2913;-1;1;3;5
2914;1;1;1;1
2915;1;1;1;1
2916;-1;1;1;1
2917;1;1;1;1
2918;1;1;1;0
2919;-1;1;1;1
2920;1;1;1;1
2921;-1;1;1;0
2922;-1;1;1;0
2923;-1;1;1;0
2924;1;1;1;0
2925;1;1;1;0
2926;1;1;1;0
2927;-1;1;1;0
2928;-1;1;1;0
2929;1;1;1;0
2930;1;1;1;0
2931;1;1;2;9
2932;-1;1;1;0
2933;-1;1;1;0
2934;-1;1;1;0
2935;-1;1;2;9
2936;-1;1;1;3
2937;-1;1;1;3
2938;-1;1;1;0
2939;1;1;1;0
2940;-1;1;1;0
2941;-1;1;1;0
2942;-1;1;1;0
2943;-1;2;1;6
2944;0;2;1;6
2945;-1;2;5;7
2946;-1;2;5;7
2947;-1;1;1;11
2948;1;1;1;0
2949;1;1;1;0
2950;-1;1;1;0
2951;-1;2;5;9
2952;1;3;3;5
2953;1;3;1;7
2954;-1;1;1;0
2955;1;3;3;5
2956;1;1;1;11
2957;-1;1;1;1
2958;-1;1;1;1
2959;-1;1;1;3
2960;-1;1;1;1
2961;1;3;3;1
2962;1;1;1;1
2963;-1;1;1;0
2964;-1;1;1;0
2965;-1;1;1;0
2966;1;1;1;0
2967;1;1;1;0
2968;-1;1;1;0
2969;-1;1;1;0
2970;-1;1;1;0
2971;-1;1;1;0
2972;-1;1;1;0
2973;-1;1;1;2
2974;1;1;1;2
2975;-1;1;1;0
2976;-1;1;1;0
2977;1;1;1;0
2978;-1;1;1;0
2979;1;1;1;0
2980;-1;1;1;2
2981;-1;1;1;2
2982;-1;1;1;1
2983;1;1;1;2
2984;1;1;1;2
2985;-1;1;1;2
2986;1;1;1;2
2987;1;1;1;2
2988;-1;1;1;2
2989;1;1;1;2
2990;1;1;1;2
2991;-1;1;1;2
2992;1;1;1;9
2993;1;1;1;9
2994;1;1;1;9
2995;-1;1;1;9
2996;1;1;1;9
2997;-1;1;1;9
2998;1;1;1;7
2999;1;1;1;9
3000;1;1;1;7
3001;-1;1;1;7
3002;0;1;1;7
3003;-1;1;1;7
3004;-1;1;1;7
3005;1;1;1;7
3006;-1;1;1;7
3007;-1;1;2;7
3008;1;1;2;7
3009;1;1;2;7
3010;-1;1;2;7
3011;-1;1;2;7
3012;-1;1;3;8
3013;-1;1;3;8
3014;-1;1;3;8
3015;1;1;3;8
3016;-1;2;2;0
3017;-1;1;6;7
3018;-1;1;6;7
3019;-1;1;1;9
3020;-1;1;1;9
3021;1;1;1;9
3022;1;1;1;9
3023;1;1;1;6
3024;-1;1;1;9
3025;1;1;1;9
3026;1;1;1;9
3027;-1;1;1;9
3028;-1;1;1;9
3029;1;1;1;0
3030;1;1;1;0
3031;1;1;1;0
3032;1;1;1;0
3033;-1;1;1;0
3034;1;1;1;0
3035;-1;1;1;0
3036;1;1;1;0
3037;1;1;1;3
3038;-1;1;1;3
3039;1;1;1;3
3040;1;1;3;5
3041;-1;1;3;5
3042;-1;1;3;5
3043;-1;1;2;1
3044;-1;1;2;1
3045;1;1;6;5
3046;-1;1;6;5
3047;-1;1;6;5
3048;1;1;6;5
3049;-1;1;1;1
3050;1;1;1;1
3051;-1;1;1;1
3052;1;1;1;1
3053;-1;1;1;1
3054;-1;1;1;1
3055;1;1;1;1
3056;1;1;1;5
3057;-1;1;2;1
3058;-1;1;2;1
3059;1;1;1;1
3060;1;1;1;1
3061;1;1;2;1
3062;1;1;2;2
3063;1;1;2;2
3064;1;1;2;2
3065;1;1;1;2
3066;1;1;1;2
3067;-1;1;1;2
3068;1;1;1;2
3069;-1;1;1;2
3070;-1;1;1;2
3071;1;1;1;2
3072;-1;1;1;2
3073;1;1;1;2
3074;-1;1;1;2
3075;-1;1;1;2
3076;1;1;1;2
3077;-1;1;1;0
3078;-1;1;1;0
3079;-1;1;1;0
3080;0;1;2;5
3081;-1;4;4;5
3082;1;1;1;6
3083;-1;2;2;9
3084;1;2;2;9
3085;-1;1;1;3
3086;-1;1;1;3
3087;1;2;2;9
3088;-1;1;1;3
3089;1;1;1;3
3090;-1;1;1;3
3091;-1;1;1;3
3092;1;1;1;0
3093;-1;1;1;0
3094;1;1;1;0
3095;-1;1;3;10
3096;1;1;1;10
3097;1;1;1;10
3098;1;2;9;12
3099;1;1;4;9
3100;-1;1;2;0
3101;-1;1;2;0
3102;1;1;4;9
3103;1;1;4;9
3104;-1;1;4;9
3105;1;1;4;9
3106;1;1;4;9
3107;-1;1;4;9
3108;-1;1;4;9
3109;-1;2;8;12
3110;-1;2;8;12
3111;1;1;1;9
3112;1;1;1;9
3113;1;1;1;9
3114;1;2;6;12
3115;-1;2;4;2
3116;-1;1;7;9
3117;1;1;7;9
3118;-1;1;1;10
3119;-1;1;1;10
3120;1;1;1;1
3121;-1;2;5;12
3122;-1;2;5;12
3123;-1;1;2;0
3124;-1;1;2;0
3125;-1;2;5;12
3126;-1;2;5;12
3127;1;2;5;12
3128;1;1;1;11
3129;1;1;1;0
3130;1;1;1;1
3131;-1;1;1;1
3132;1;1;1;1
3133;-1;1;1;1
3134;-1;1;1;1
3135;1;1;1;1
3136;1;1;1;1
3137;1;1;1;1
3138;1;1;1;11
3139;1;1;2;0
3140;1;1;1;0
3141;1;1;1;7
3142;-1;1;1;7
3143;1;1;1;7
3144;-1;1;1;7
3145;0;1;1;7
3146;-1;1;1;7
3147;1;1;1;7
3148;1;1;1;7
3149;1;1;1;7
3150;-1;1;1;7
3151;-1;1;1;7
3152;1;1;1;7
3153;1;1;1;7
3154;1;1;1;2
3155;-1;1;1;7
3156;-1;1;1;2
3157;-1;1;1;2
3158;0;1;1;2
3159;1;1;1;2
3160;1;1;1;2
3161;1;1;1;2
3162;1;1;1;2
3163;1;1;1;2
3164;-1;1;1;2
3165;-1;1;1;2
3166;-1;1;1;2
3167;1;1;1;2
3168;-1;1;1;2
3169;1;1;1;2
3170;-1;1;1;2
3171;1;1;1;2
3172;1;1;1;2
3173;-1;1;1;2
3174;1;1;1;8
3175;1;1;1;8
3176;-1;1;1;8
3177;1;1;1;8
3178;1;1;1;8
3179;1;1;1;8
3180;-1;1;1;8
3181;0;1;1;4
3182;-1;1;1;8
3183;0;1;1;4
3184;1;1;1;4
3185;-1;1;1;4
3186;1;1;1;4
3187;-1;1;1;8
3188;-1;1;1;8
3189;1;1;1;8
3190;1;1;1;4
3191;-1;1;1;4
3192;1;1;1;10
3193;1;1;1;10
3194;0;1;1;4
3195;0;1;1;4
3196;-1;1;1;1
3197;-1;1;1;1
3198;-1;1;1;1
3199;-1;1;1;1
3200;1;1;1;1
3201;-1;1;1;1
3202;-1;1;1;0
3203;-1;1;1;8
3204;1;1;1;1
3205;1;1;1;8
3206;1;1;1;8
3207;1;1;1;0
3208;1;1;1;0
3209;1;1;1;0
3210;-1;1;1;0
3211;-1;1;1;0
3212;1;1;1;0
3213;1;1;1;0
3214;1;1;1;0
3215;1;1;1;0
3216;-1;1;1;0
3217;1;1;1;0
3218;-1;1;1;0
3219;1;1;1;0
3220;1;1;1;0
3221;-1;1;1;0
3222;-1;1;1;0
3223;-1;1;1;2
3224;1;1;1;0
3225;-1;1;1;0
3226;-1;1;1;0
3227;1;1;1;4
3228;-1;1;1;4
3229;-1;1;6;1
3230;-1;1;6;1
3231;-1;1;1;3
3232;-1;1;1;3
3233;1;1;1;3
3234;-1;1;1;1
3235;1;1;1;1
3236;-1;1;1;1
3237;-1;1;1;1
3238;-1;1;1;1
3239;1;1;1;1
3240;-1;1;1;1
3241;1;1;1;1
3242;1;1;1;1
3243;-1;1;1;1
3244;1;1;1;1
3245;1;1;1;1
3246;1;1;1;1
3247;1;1;1;1
3248;-1;1;1;8
3249;-1;1;1;1
3250;1;1;1;1
3251;1;1;1;1
3252;-1;1;1;8
3253;-1;1;1;8
3254;-1;1;1;1
3255;1;1;1;1
3256;1;1;1;0
3257;1;1;1;0
3258;1;1;1;0
3259;1;1;1;0
3260;1;1;1;0
3261;-1;1;1;0
3262;-1;1;1;0
3263;-1;1;1;0
3264;1;1;1;2
3265;1;1;1;2
3266;1;1;1;0
3267;-1;1;1;0
3268;-1;1;1;0
3269;1;1;1;0
3270;1;1;1;0
3271;1;1;1;0
3272;-1;1;1;0
3273;1;1;1;0
3274;0;1;1;0
3275;1;2;2;1
3276;-1;1;1;0
3277;1;1;1;0
3278;1;1;1;0
3279;-1;1;1;0
3280;1;1;1;2
3281;-1;2;3;1
3282;-1;1;1;2
3283;-1;1;1;2
3284;1;1;1;2
3285;1;1;1;2
3286;1;1;1;2
3287;-1;1;1;1
3288;1;1;1;1
3289;-1;1;1;1
3290;-1;1;1;1
3291;-1;1;1;1
3292;-1;1;1;1
3293;0;1;1;1
3294;1;1;1;1
3295;1;1;1;2
3296;1;1;1;2
3297;-1;1;1;1
3298;1;1;1;1
3299;-1;1;1;1
3300;-1;1;1;2
3301;1;1;1;0
3302;1;1;1;2
3303;1;1;1;2
3304;-1;1;1;0
3305;1;1;1;0
3306;1;1;1;0
3307;-1;1;1;0
3308;-1;1;1;0
3309;-1;1;1;0
3310;-1;1;1;0
3311;1;1;11;0
3312;-1;1;11;0
3313;1;1;11;0
3314;-1;1;1;11
3315;-1;1;1;11
3316;1;1;1;11
3317;1;1;1;11
3318;1;1;1;11
3319;1;1;1;11
3320;1;1;1;11
3321;1;1;1;11
3322;-1;1;1;11
3323;-1;1;1;11
3324;1;1;1;11
3325;1;1;1;11
3326;-1;1;1;11
3327;1;1;1;11
3328;-1;1;1;11
3329;-1;1;1;11
3330;1;1;1;11
3331;1;1;2;0
3332;1;1;2;0
3333;-1;1;1;0
3334;-1;1;2;9
3335;-1;1;1;2
3336;1;1;1;2
3337;-1;1;1;1
3338;1;1;1;1
3339;1;1;1;1
3340;1;1;1;7
3341;1;1;1;4
3342;-1;1;1;4
3343;1;1;1;4
3344;1;1;1;4
3345;-1;1;1;3
3346;-1;1;1;3
3347;1;1;1;3
3348;-1;1;1;3
3349;1;1;1;3
3350;1;1;1;3
3351;-1;1;1;1
3352;-1;1;1;1
3353;-1;1;1;1
3354;-1;1;1;6
3355;-1;1;1;6
3356;-1;1;1;6
3357;-1;1;1;6
3358;-1;1;1;6
3359;1;1;1;6
3360;1;1;1;1
3361;1;1;1;1
3362;1;1;1;1
3363;-1;1;1;1
3364;1;1;1;1
3365;-1;1;1;1
3366;-1;1;1;1
3367;1;1;1;1
3368;-1;1;1;1
3369;1;1;1;1
3370;1;1;1;1
3371;-1;1;1;1
3372;1;1;1;1
3373;1;1;1;1
3374;-1;1;1;1
3375;-1;1;1;1
3376;1;1;1;1
3377;1;1;1;2
3378;-1;1;1;1
3379;-1;1;1;8
3380;-1;1;1;2
3381;1;1;1;0
3382;1;1;1;0
3383;-1;1;1;0
3384;1;1;1;0
3385;-1;1;1;0
3386;1;1;1;0
3387;1;1;1;0
3388;1;1;1;0
3389;1;1;1;0
3390;1;1;1;0
3391;1;1;1;0
3392;0;1;1;0
3393;-1;1;1;0
3394;1;1;1;0
3395;1;1;1;0
3396;-1;2;6;6
3397;1;2;6;6
3398;-1;1;1;0
3399;1;1;1;0
3400;-1;2;3;2
3401;1;1;1;0
3402;-1;2;4;9
3403;-1;2;5;9
3404;1;1;1;9
3405;-1;1;1;9
3406;1;1;1;9
3407;-1;1;1;9
3408;1;1;1;9
3409;-1;1;1;9
3410;-1;1;1;9
3411;-1;1;1;9
3412;-1;1;1;9
3413;-1;1;1;9
3414;1;1;1;9
3415;1;2;9;9
3416;1;1;1;0
3417;-1;4;1;6
3418;-1;4;7;6
3419;1;4;12;11
3420;1;1;1;2
3421;0;1;1;9
3422;1;1;1;9
3423;-1;2;9;9
3424;1;1;10;1
3425;1;1;10;1
3426;1;1;8;5
3427;-1;1;1;4
3428;-1;1;10;1
3429;-1;1;10;1
3430;1;2;4;8
3431;1;2;4;8
3432;1;2;4;8
3433;1;2;4;8
3434;1;2;4;8
3435;-1;1;1;2
3436;1;1;1;2
3437;1;1;1;2
3438;1;1;1;2
3439;1;1;1;2
3440;-1;1;1;2
3441;1;1;1;2
3442;1;1;1;2
3443;-1;1;1;2
3444;1;1;1;2
3445;-1;1;1;0
3446;1;1;1;0
3447;-1;1;1;0
3448;1;1;1;0
3449;-1;1;1;0
3450;1;1;1;0
3451;1;1;1;0
3452;1;1;1;0
3453;1;2;4;7
3454;1;1;1;0
3455;1;1;1;0
3456;1;1;10;9
3457;-1;1;1;0
3458;1;2;1;7
3459;-1;2;1;7
3460;1;1;8;5
3461;1;2;1;10
3462;-1;2;1;10
3463;1;2;1;10
3464;-1;2;1;10
3465;-1;1;8;5
3466;-1;1;1;1
3467;-1;1;1;1
3468;1;1;1;1
3469;-1;1;1;2
3470;1;1;1;2
3471;-1;1;1;2
3472;1;1;11;1
3473;-1;1;1;1
3474;1;1;1;1
3475;1;1;1;1
3476;-1;1;1;1
3477;-1;1;11;3
3478;-1;1;11;3
3479;-1;1;11;4
3480;-1;1;11;4
3481;1;1;2;9
3482;1;1;2;9
3483;-1;1;2;9
3484;1;1;1;9
3485;1;1;2;12
3486;-1;1;2;12
3487;1;1;2;12
3488;1;2;3;1
3489;1;1;9;9
3490;1;1;2;12
3491;-1;1;2;12
3492;-1;2;3;1
3493;1;1;2;11
3494;1;1;1;10
3495;1;1;12;10
3496;1;1;12;10
3497;1;1;12;10
3498;1;1;8;9
3499;-1;2;7;1
3500;1;1;8;9
3501;1;1;8;9
3502;1;1;8;9
3503;1;1;8;9
3504;1;1;8;9
3505;0;1;1;4
3506;1;1;8;9
3507;1;1;1;8
3508;1;1;8;9
3509;1;1;8;9
3510;-1;1;1;4
3511;1;1;2;1
3512;1;1;2;1
3513;1;1;10;1
3514;-1;1;10;1
3515;-1;1;10;1
3516;1;1;10;1
3517;1;1;10;1
3518;1;1;10;1
3519;1;1;10;1
3520;1;1;10;1
3521;1;1;1;5
3522;1;1;10;1
3523;1;1;1;1
3524;-1;1;1;1
3525;1;1;1;1
3526;-1;1;1;1
3527;-1;1;1;1
3528;1;1;1;0
3529;-1;1;1;0
3530;-1;1;1;0
3531;-1;1;1;0
3532;1;1;1;0
3533;-1;1;1;0
3534;1;1;1;0
3535;1;1;1;0
3536;-1;1;1;9
3537;1;1;1;9
3538;-1;1;1;0
3539;1;1;1;0
3540;1;1;1;9
3541;-1;1;1;9
3542;-1;1;1;9
3543;-1;2;4;12
3544;1;1;1;9
3545;-1;1;4;8
3546;1;1;4;8
3547;-1;1;4;8
3548;-1;1;1;1
3549;1;1;1;1
3550;-1;1;1;1
3551;1;1;1;1
3552;1;1;1;1
3553;0;1;1;1
3554;-1;1;12;0
3555;1;1;11;8
3556;1;1;9;8
3557;1;1;8;4
3558;1;1;8;4
3559;1;1;5;4
3560;-1;1;5;4
3561;-1;1;5;4
3562;1;1;5;4
3563;1;1;5;4
3564;1;1;1;0
3565;-1;1;1;0
3566;1;1;5;4
3567;1;1;1;0
3568;1;1;1;0
3569;1;1;6;10
3570;1;4;12;3
3571;1;1;1;0
3572;-1;1;1;0
3573;-1;1;1;0
3574;1;1;1;0
3575;-1;1;1;0
3576;-1;1;1;0
3577;1;1;1;0
3578;-1;1;1;0
3579;1;1;1;0
3580;1;1;1;0
3581;-1;1;1;0
3582;1;1;1;0
3583;-1;1;1;0
3584;-1;1;1;0
3585;1;1;1;0
3586;1;1;1;0
3587;1;1;1;0
3588;-1;1;1;0
3589;-1;1;1;0
3590;1;1;1;0
3591;-1;1;1;5
3592;-1;1;1;5
3593;-1;1;1;2
3594;1;1;1;2
3595;-1;1;3;0
3596;-1;1;3;0
3597;-1;1;3;0
3598;-1;1;3;0
3599;-1;1;3;0
3600;0;1;3;0
3601;1;1;3;0
3602;-1;1;1;10
3603;-1;1;1;10
3604;1;1;1;10
3605;1;1;1;8
3606;1;1;1;8
3607;1;1;1;8
3608;1;1;1;3
3609;-1;1;1;0
3610;-1;1;1;0
3611;1;1;1;0
3612;-1;1;1;0
3613;-1;1;1;0
3614;1;1;1;0
3615;-1;1;1;0
3616;1;1;1;0
3617;1;1;1;0
3618;1;1;1;0
3619;1;1;1;0
3620;-1;1;1;0
3621;1;1;1;0
3622;-1;1;1;0
3623;1;1;1;0
3624;1;1;1;0
3625;-1;1;1;0
3626;1;1;1;4
3627;1;1;1;6
3628;1;1;1;6
3629;-1;1;1;6
3630;-1;1;1;6
3631;-1;1;1;6
3632;0;1;1;5
3633;-1;1;1;5
3634;-1;1;1;5
3635;-1;1;1;5
3636;-1;1;1;5
3637;-1;1;1;5
3638;1;1;1;5
3639;-1;1;1;5
3640;1;1;1;5
3641;1;1;1;0
3642;-1;1;1;5
3643;-1;1;3;8
3644;1;1;3;8
3645;1;1;1;0
3646;-1;1;1;0
3647;1;1;1;0
3648;1;1;1;0
3649;-1;1;1;0
3650;1;1;1;0
3651;1;1;1;0
3652;1;1;1;0
3653;-1;1;1;0
3654;1;1;1;0
3655;1;1;1;0
3656;1;1;1;0
3657;-1;1;1;0
3658;1;1;1;0
3659;1;1;1;0
3660;-1;1;1;0
3661;1;1;1;0
3662;-1;1;1;0
3663;-1;1;1;0
3664;-1;1;1;0
3665;1;4;3;9
3666;1;4;3;9
3667;1;1;1;0
3668;1;2;3;12
3669;1;2;3;12
3670;1;2;3;12
3671;1;2;2;12
3672;1;2;2;12
3673;1;2;2;12
3674;1;1;3;1
3675;-1;1;2;1
3676;1;1;1;7
3677;1;1;1;2
3678;1;1;1;2
3679;-1;1;1;2
3680;1;1;1;2
3681;1;1;1;2
3682;1;1;1;2
3683;-1;1;1;2
3684;1;1;1;2
3685;-1;1;1;2
3686;-1;1;1;2
3687;-1;1;5;2
3688;1;1;1;0
3689;1;1;3;1
3690;1;1;5;2
3691;-1;1;5;2
3692;-1;1;1;2
3693;-1;1;11;2
3694;0;1;11;2
3695;-1;1;1;1
3696;1;1;1;1
3697;-1;2;10;4
3698;1;1;1;11
3699;1;1;1;11
3700;1;1;1;11
3701;1;1;1;11
3702;-1;1;1;11
3703;1;1;1;3
3704;1;1;1;7
3705;-1;1;1;7
3706;1;1;1;7
3707;1;1;1;7
3708;-1;1;1;7
3709;1;1;1;3
3710;-1;1;1;7
3711;-1;1;1;7
3712;-1;1;1;7
3713;1;1;1;7
3714;-1;1;1;7
3715;-1;1;1;1
3716;1;1;1;1
3717;-1;1;1;1
3718;-1;1;1;1
3719;1;1;1;1
3720;1;1;1;1
3721;1;1;1;1
3722;-1;1;1;1
3723;1;1;1;1
3724;1;1;1;1
3725;-1;1;1;0
3726;-1;1;1;0
3727;1;1;1;0
3728;1;1;1;0
3729;1;1;1;0
3730;1;1;1;0
3731;-1;1;1;0
3732;-1;1;1;0
3733;1;1;1;0
3734;-1;1;1;0
3735;1;1;1;0
3736;1;1;1;0
3737;-1;1;1;0
3738;1;1;1;0
3739;1;1;1;0
3740;-1;1;1;0
3741;1;1;1;0
3742;1;1;1;0
3743;-1;1;1;0
3744;-1;1;1;0
3745;-1;1;1;0
3746;1;1;1;0
3747;1;1;1;0
3748;-1;1;1;0
3749;1;1;1;0
3750;1;1;1;0
3751;-1;1;1;0
3752;1;1;1;0
3753;-1;1;1;0
3754;1;1;1;0
3755;1;1;1;0
3756;1;1;1;0
3757;-1;1;1;0
3758;1;1;1;0
3759;-1;1;1;0
3760;-1;1;1;0
3761;1;1;1;0
3762;-1;1;1;0
3763;1;2;3;12
3764;1;1;1;0
3765;0;1;1;3
3766;1;2;2;0
3767;1;2;2;0
3768;1;2;2;0
3769;1;2;2;0
3770;1;2;2;0
3771;-1;2;2;0
3772;1;2;2;0
3773;-1;2;3;12
3774;1;2;5;6
3775;-1;2;3;12
3776;1;2;3;12
3777;1;2;3;12
3778;1;1;2;2
3779;1;1;2;2
3780;1;1;2;2
3781;-1;1;7;1
3782;-1;1;7;1
3783;-1;1;7;1
3784;1;1;3;1
3785;1;1;1;1
3786;1;1;1;1
3787;-1;1;1;1
3788;-1;1;1;7
3789;1;1;1;7
3790;1;1;1;7
3791;1;1;1;7
3792;1;1;3;1
3793;-1;1;1;7
3794;1;1;1;0
3795;-1;1;1;0
3796;-1;1;1;0
3797;-1;1;1;0
3798;-1;1;1;0
3799;-1;1;1;0
3800;1;1;1;0
3801;-1;1;1;0
3802;-1;1;1;0
3803;-1;1;1;0
3804;-1;1;1;0
3805;1;1;1;0
3806;1;1;1;0
3807;-1;1;1;0
3808;1;1;7;1
3809;-1;1;2;1
3810;-1;1;1;6
3811;1;1;1;1
3812;1;1;2;1
3813;-1;1;2;1
3814;-1;1;2;1
3815;-1;1;2;1
3816;-1;1;2;1
3817;-1;1;2;1
3818;1;1;5;12
3819;1;1;5;12
3820;1;1;5;12
3821;-1;3;5;7
3822;1;1;1;0
3823;1;1;1;0
3824;-1;1;1;0
3825;1;1;1;0
3826;1;1;1;0
3827;1;1;5;0
3828;-1;1;1;0
3829;-1;1;1;0
3830;1;1;1;0
3831;1;1;1;0
3832;1;1;1;0
3833;1;1;1;0
3834;1;1;1;0
3835;-1;1;1;0
3836;-1;1;1;0
3837;-1;1;1;0
3838;1;1;1;0
3839;1;1;1;0
3840;-1;1;1;0
3841;1;1;1;0
3842;-1;1;1;0
3843;1;1;1;0
3844;1;1;1;0
3845;1;1;1;0
3846;1;1;1;0
3847;1;1;1;0
3848;1;1;1;0
3849;-1;1;1;0
3850;-1;1;1;0
3851;1;1;1;0
3852;-1;1;1;0
3853;-1;1;1;0
3854;1;1;1;0
3855;-1;1;1;0
3856;-1;1;1;0
3857;1;1;1;0
3858;1;1;1;0
3859;1;1;1;0
3860;-1;1;5;11
3861;1;1;1;8
3862;-1;1;1;8
3863;1;1;1;8
3864;1;1;1;0
3865;1;1;1;0
3866;1;1;1;8
3867;-1;1;1;0
3868;1;1;1;0
3869;1;1;1;0
3870;-1;1;1;0
3871;-1;1;1;0
3872;1;1;1;0
3873;1;1;1;0
3874;1;1;1;0
3875;-1;1;1;0
3876;-1;1;1;0
3877;1;1;1;1
3878;1;1;1;0
3879;1;1;1;0
3880;-1;1;1;0
3881;1;1;1;0
3882;-1;1;1;1
3883;1;1;1;1
3884;-1;1;1;1
3885;1;1;1;1
3886;1;1;1;1
3887;-1;1;1;1
3888;1;1;1;2
3889;1;1;1;2
3890;1;1;1;2
3891;-1;1;1;2
3892;1;1;1;2
3893;1;1;1;2
3894;-1;1;1;2
3895;1;1;1;2
3896;-1;2;4;1
3897;-1;2;4;1
3898;-1;1;3;6
3899;1;1;1;1
3900;1;1;1;2
3901;-1;1;1;2
3902;-1;1;1;2
3903;1;1;1;1
3904;1;1;1;9
3905;-1;1;1;1
3906;1;1;1;1
3907;-1;1;1;1
3908;1;1;1;10
3909;0;1;1;10
3910;-1;1;1;10
3911;1;1;1;10
3912;1;1;1;1
3913;1;1;1;10
3914;0;1;1;10
3915;1;1;1;10
3916;1;1;1;1
3917;-1;1;1;1
3918;1;1;1;10
3919;-1;1;3;10
3920;-1;1;1;1
3921;1;2;7;11
3922;0;1;1;3
3923;-1;1;1;3
3924;1;2;7;11
3925;1;2;7;11
3926;1;2;7;11
3927;-1;2;4;7
3928;-1;1;2;2
3929;-1;1;1;3
3930;1;2;4;7
3931;1;1;2;1
3932;1;2;4;7
3933;-1;2;4;7
3934;-1;2;4;7
3935;-1;2;4;7
3936;-1;2;4;7
3937;1;1;4;2
3938;-1;1;1;0
3939;-1;1;1;0
3940;-1;1;1;0
3941;1;1;1;0
3942;1;1;1;0
3943;1;1;1;0
3944;-1;1;1;0
3945;1;1;1;0
3946;1;1;1;0
3947;1;1;1;0
3948;1;1;1;0
3949;1;1;1;0
3950;-1;1;1;0
3951;1;1;1;0
3952;-1;1;1;0
3953;-1;1;1;0
3954;1;1;1;0
3955;-1;1;1;0
3956;1;1;1;6
3957;-1;1;1;0
3958;0;1;1;6
3959;-1;1;1;6
3960;-1;1;1;6
3961;-1;1;1;6
3962;1;1;10;10
3963;1;1;1;6
3964;1;1;1;6
3965;1;1;1;6
3966;-1;1;1;6
3967;1;1;1;6
3968;-1;1;2;6
3969;-1;1;1;12
3970;-1;1;1;12
3971;-1;1;7;0
3972;-1;1;7;0
3973;1;1;1;12
3974;0;1;1;12
3975;-1;1;1;12
3976;-1;1;7;0
3977;-1;1;7;0
3978;1;1;1;0
3979;-1;1;2;0
3980;-1;1;2;0
3981;-1;1;4;11
3982;-1;1;4;11
3983;1;1;4;11
3984;1;1;4;11
3985;1;1;4;11
3986;1;1;4;11
3987;-1;1;4;11
3988;-1;1;2;0
3989;-1;1;3;11
3990;-1;1;3;11
3991;1;1;3;11
3992;1;1;2;0
3993;-1;1;2;0
3994;-1;1;2;0
3995;-1;1;1;11
3996;1;1;1;11
3997;-1;1;1;11
3998;-1;1;1;0
3999;-1;1;1;0
4000;-1;1;1;0
4001;1;1;1;0
4002;1;1;1;0
4003;1;1;1;0
4004;-1;1;1;0
4005;1;1;1;0
4006;1;1;1;0
4007;-1;1;1;0
4008;-1;1;1;0
4009;-1;1;1;0
4010;1;1;1;0
4011;-1;1;1;0
4012;1;1;1;0
4013;-1;1;1;0
4014;-1;1;1;0
4015;1;1;1;0
4016;1;1;1;0
4017;1;1;1;0
4018;-1;1;1;0
4019;1;1;1;0
4020;-1;1;1;0
4021;-1;1;1;0
4022;-1;1;1;0
4023;1;1;1;0
4024;-1;1;1;0
4025;1;1;1;0
4026;1;1;1;0
4027;-1;1;1;0
4028;1;1;3;8
4029;1;1;3;9
4030;1;1;3;8
4031;1;1;3;8
4032;-1;1;1;10
4033;1;1;1;10
4034;1;1;1;10
4035;-1;1;1;10
4036;1;1;1;10
4037;1;1;1;9
4038;1;1;2;9
4039;-1;1;2;9
4040;-1;1;2;9
4041;-1;1;2;9
4042;-1;1;1;11
4043;1;1;1;11
4044;-1;1;1;11
4045;-1;1;1;11
4046;-1;1;1;11
4047;-1;1;1;11
4048;1;1;1;11
4049;-1;1;1;11
4050;-1;1;1;11
4051;1;1;1;11
4052;-1;1;1;11
4053;-1;1;1;11
4054;-1;1;1;0
4055;-1;1;2;9
4056;-1;1;1;0
4057;1;1;1;0
4058;1;1;1;0
4059;-1;1;1;0
4060;-1;1;1;0
4061;-1;1;1;0
4062;1;1;1;0
4063;1;1;1;0
4064;1;2;1;4
4065;1;1;1;0
4066;1;1;1;0
4067;1;1;1;0
4068;1;1;1;0
4069;-1;1;1;0
4070;-1;1;1;0
4071;-1;1;4;11
4072;-1;1;4;11
4073;-1;1;1;3
4074;-1;1;1;3
4075;-1;1;1;0
4076;-1;1;1;0
4077;-1;1;1;0
4078;-1;1;1;0
4079;-1;1;1;0
4080;1;1;1;0
4081;1;1;1;0
4082;1;1;1;0
4083;1;1;1;0
4084;1;1;1;12
4085;-1;1;1;0
4086;-1;1;1;0
4087;1;1;1;0
4088;1;1;1;0
4089;1;1;1;0
4090;1;1;1;0
4091;-1;2;4;11
4092;-1;2;4;11
4093;1;1;5;1
4094;-1;1;1;2
4095;1;1;1;2
4096;1;1;1;2
4097;-1;1;1;2
4098;-1;1;2;1
4099;1;1;1;2
4100;-1;1;1;2
4101;1;1;1;2
4102;-1;1;1;2
4103;1;1;1;2
4104;1;1;1;2
4105;1;1;1;2
4106;1;1;1;2
4107;-1;1;1;2
4108;1;1;1;2
4109;-1;1;1;0
4110;-1;1;1;0
4111;0;1;1;0
4112;1;1;1;0
4113;1;1;1;0
4114;-1;1;1;0
4115;-1;1;1;0
4116;-1;1;1;0
4117;1;1;1;0
4118;1;1;1;0
4119;-1;1;1;4
4120;-1;1;1;9
4121;-1;1;1;11
4122;-1;1;1;9
4123;1;1;1;9
4124;1;1;1;9
4125;-1;1;1;9
4126;1;1;1;4
4127;1;1;1;11
4128;1;1;1;9
4129;-1;1;1;9
4130;1;1;1;9
4131;1;1;1;9
4132;1;1;1;11
4133;-1;1;1;0
4134;-1;1;1;0
4135;-1;1;1;0
4136;-1;1;1;0
4137;-1;1;1;0
4138;-1;1;1;0
4139;1;1;1;0
4140;-1;1;1;0
4141;1;1;1;0
4142;-1;1;1;0
4143;1;1;1;0
4144;1;1;1;0
4145;-1;1;1;0
4146;1;1;1;0
4147;1;1;1;0
4148;-1;1;1;0
4149;-1;1;1;0
4150;1;1;1;0
4151;-1;1;1;0
4152;1;1;1;0
4153;-1;1;1;0
4154;-1;1;1;0
4155;1;1;1;5
4156;-1;1;1;5
4157;-1;1;1;5
4158;-1;1;1;3
4159;1;1;1;3
4160;1;1;1;3
4161;-1;1;1;5
4162;-1;1;1;5
4163;-1;1;1;5
4164;-1;1;1;3
4165;1;1;1;5
4166;1;1;1;3
4167;1;1;1;9
4168;-1;1;1;9
4169;-1;1;1;3
4170;0;1;1;3
4171;-1;1;1;3
4172;1;1;1;3
4173;1;1;1;9
4174;-1;1;1;9
4175;0;1;1;9
4176;0;1;1;9
4177;-1;1;1;1
4178;-1;1;1;1
4179;-1;1;1;1
4180;1;1;1;1
4181;-1;1;1;1
4182;-1;1;1;1
4183;1;1;1;1
4184;-1;1;1;1
4185;1;1;3;10
4186;-1;1;3;10
4187;-1;1;3;10
4188;-1;1;3;10
4189;-1;1;3;10
4190;-1;1;1;8
4191;-1;1;1;8
4192;1;1;1;8
4193;1;1;1;8
4194;1;1;1;8
4195;1;1;1;8
4196;0;1;1;5
4197;-1;1;1;5
4198;1;1;1;5
4199;-1;1;1;0
4200;-1;1;1;0
4201;1;1;1;0
4202;-1;1;1;0
4203;0;1;1;5
4204;1;1;2;5
4205;-1;1;2;5
4206;0;1;2;5
4207;1;1;2;5
4208;-1;1;2;5
4209;1;1;1;0
4210;-1;1;1;0
4211;-1;1;1;0
4212;1;1;1;0
4213;1;1;1;0
4214;-1;1;1;0
4215;-1;1;1;0
4216;1;1;1;0
4217;1;1;1;0
4218;1;1;1;0
4219;1;1;1;0
4220;-1;1;1;0
4221;-1;1;1;0
4222;1;1;1;0
4223;-1;1;1;0
4224;0;1;1;0
4225;1;1;1;0
4226;1;1;1;0
4227;1;1;1;0
4228;1;1;1;0
4229;1;1;1;0
4230;-1;1;1;0
4231;-1;1;1;0
4232;-1;1;1;0
4233;-1;1;1;0
4234;1;1;1;0
4235;-1;1;1;0
4236;-1;1;1;0
4237;1;1;1;0
4238;1;1;1;2
4239;1;1;1;2
4240;1;1;2;2
4241;-1;1;1;2
4242;-1;1;1;2
4243;1;1;1;2
4244;-1;1;1;2
4245;1;1;2;4
4246;-1;1;2;4
4247;-1;4;6;5
4248;1;1;5;3
4249;1;1;3;3
4250;-1;1;1;3
4251;1;1;4;9
4252;1;1;12;0
4253;-1;1;2;0
4254;-1;1;2;0
4255;1;1;2;0
4256;1;1;1;0
4257;1;1;1;0
4258;1;1;12;0
4259;1;1;6;5
4260;-1;1;6;5
4261;1;1;1;0
4262;0;1;6;5
4263;1;2;2;8
4264;1;1;4;4
4265;0;1;4;4
4266;1;1;6;5
4267;1;1;6;5
4268;1;1;6;5
4269;1;1;6;5
4270;1;1;6;5
4271;-1;1;4;7
4272;1;2;1;0
4273;-1;2;1;0
4274;1;2;1;0
4275;-1;2;1;0
4276;-1;1;4;7
4277;1;2;5;3
4278;0;2;5;3
4279;0;2;5;3
4280;1;1;3;2
4281;1;1;3;2
4282;1;1;3;2
4283;-1;2;5;3
4284;-1;4;11;1
4285;-1;1;1;2
4286;-1;1;6;7
4287;1;1;2;5
4288;1;1;1;7
4289;-1;1;1;0
4290;-1;1;1;7
4291;-1;1;1;0
4292;1;1;1;0
4293;1;1;1;0
4294;1;1;1;0
4295;-1;1;1;0
4296;1;1;1;0
4297;1;1;1;0
4298;-1;1;1;0
4299;-1;1;1;0
4300;1;1;1;0
4301;-1;1;1;7
4302;-1;1;1;0
4303;1;1;1;0
4304;1;1;1;0
4305;1;1;1;0
4306;-1;1;1;0
4307;-1;1;1;0
4308;1;1;3;4
4309;1;1;1;0
4310;-1;1;1;0
4311;-1;1;1;3
4312;0;1;1;3
4313;-1;1;1;5
4314;1;1;1;2
4315;-1;1;1;4
4316;1;1;1;4
4317;1;1;1;4
4318;-1;1;1;5
4319;1;1;1;5
4320;1;1;1;5
4321;-1;1;1;8
4322;1;1;1;8
4323;1;1;1;8
4324;1;1;1;8
4325;-1;1;1;8
4326;0;1;1;10
4327;-1;1;1;10
4328;-1;1;1;10
4329;1;1;1;10
4330;-1;1;1;0
4331;-1;1;1;0
4332;1;1;1;0
4333;-1;1;1;0
4334;-1;1;1;0
4335;-1;1;1;0
4336;1;1;1;0
4337;1;1;1;0
4338;-1;1;1;0
4339;-1;1;1;0
4340;1;1;1;0
4341;1;1;3;7
4342;-1;3;1;11
4343;-1;2;4;1
4344;-1;1;1;5
4345;-1;3;1;11
4346;1;1;1;5
4347;-1;1;1;5
4348;-1;1;1;5
4349;1;1;1;5
4350;1;1;1;2
4351;1;1;3;11
4352;1;2;1;10
4353;-1;1;1;1
4354;1;1;1;1
4355;1;1;1;1
4356;1;1;1;6
4357;1;1;1;2
4358;-1;2;4;2
4359;-1;2;4;2
4360;-1;2;4;2
4361;1;2;4;2
4362;-1;1;1;1
4363;-1;1;1;1
4364;1;1;1;1
4365;1;1;1;1
4366;1;1;1;1
4367;1;1;1;1
4368;1;1;1;1
4369;1;1;1;1
4370;1;1;1;0
4371;-1;1;1;0
4372;-1;1;1;0
4373;-1;1;1;0
4374;-1;1;1;4
4375;1;1;1;4
4376;1;1;1;1
4377;1;1;1;8
4378;1;1;1;8
4379;1;1;1;8
4380;1;1;1;8
4381;-1;1;1;8
4382;1;1;1;8
4383;-1;1;1;8
4384;1;1;1;8
4385;1;1;1;8
4386;1;1;1;8
4387;1;1;1;8
4388;1;1;1;8
4389;-1;1;1;8
4390;-1;1;1;8
4391;1;1;1;0
4392;-1;1;1;0
4393;1;1;1;0
4394;-1;1;1;0
4395;1;1;1;0
4396;1;1;1;0
4397;-1;1;1;0
4398;1;1;1;0
4399;1;1;1;0
4400;-1;1;4;3
4401;-1;1;1;1
4402;1;1;1;1
4403;1;1;1;1
4404;-1;1;1;1
4405;1;1;1;1
4406;-1;1;1;1
4407;-1;1;1;1
4408;-1;1;1;1
4409;-1;1;1;1
4410;1;1;1;1
4411;1;1;1;1
4412;1;1;1;1
4413;-1;1;1;1
4414;-1;1;1;1
4415;-1;1;1;1
4416;-1;1;1;1
4417;1;1;1;1
4418;1;1;1;1
4419;1;1;1;1
4420;1;1;1;1
4421;1;1;1;0
4422;-1;1;1;0
4423;-1;1;2;0
4424;1;1;1;1
4425;-1;1;1;1
4426;-1;1;1;1
4427;-1;1;1;7
4428;-1;1;1;1
4429;1;1;1;1
4430;-1;1;1;1
4431;1;1;1;1
4432;1;1;1;3
4433;1;1;1;0
4434;-1;2;2;9
4435;-1;2;2;9
4436;0;2;2;9
4437;0;2;2;9
4438;-1;2;12;4
4439;-1;2;12;4
4440;1;1;1;3
4441;0;1;1;3
4442;1;1;1;3
4443;1;1;1;3
4444;1;1;1;0
4445;1;1;1;0
4446;-1;1;1;0
4447;1;1;1;0
4448;1;1;1;0
4449;-1;1;1;0
4450;-1;1;1;0
4451;1;1;1;0
4452;1;1;2;0
4453;-1;1;1;0
4454;-1;1;1;0
4455;1;1;1;0
4456;1;1;1;0
4457;1;1;1;0
4458;-1;1;1;0
4459;-1;1;1;0
4460;-1;1;1;0
4461;1;1;1;0
4462;1;1;1;0
4463;1;1;1;0
4464;-1;1;1;0
4465;-1;1;1;0
4466;1;1;1;0
4467;1;1;1;7
4468;1;1;1;7
4469;-1;1;1;7
4470;1;1;1;0
4471;-1;1;1;0
4472;-1;1;1;7
4473;-1;1;1;7
4474;-1;1;1;7
4475;1;1;12;9
4476;1;1;12;9
4477;1;1;1;1
4478;-1;1;1;1
4479;-1;1;1;1
4480;-1;1;12;9
4481;-1;1;12;9
4482;-1;1;12;9
4483;1;1;1;1
4484;1;1;1;1
4485;-1;1;1;1
4486;-1;1;1;1
4487;1;1;1;1
4488;1;1;1;7
4489;-1;1;1;1
4490;1;1;1;1
4491;-1;1;1;1
4492;1;1;1;1
4493;1;1;1;1
4494;-1;1;1;1
4495;1;1;1;1
4496;-1;1;1;1
4497;-1;1;1;1
4498;1;1;1;4
4499;-1;1;1;4
4500;0;1;1;4
4501;1;1;1;3
4502;-1;1;1;3
4503;1;1;1;3
4504;0;1;1;8
4505;0;1;1;8
4506;1;1;1;8
4507;-1;1;1;8
4508;1;1;1;0
4509;1;1;1;0
4510;1;1;1;0
4511;1;1;1;0
4512;1;1;1;0
4513;-1;1;5;9
4514;-1;1;1;0
4515;-1;1;1;0
4516;1;1;1;0
4517;-1;2;1;1
4518;-1;2;1;1
4519;-1;2;1;1
4520;1;2;1;1
4521;-1;2;1;1
4522;-1;2;1;1
4523;-1;2;1;1
4524;1;2;1;1
4525;1;2;1;1
4526;1;2;3;1
4527;1;2;3;1
4528;1;2;3;1
4529;-1;1;1;9
4530;-1;2;5;2
4531;1;1;1;2
4532;1;1;1;9
4533;1;1;1;2
4534;1;1;1;2
4535;-1;1;1;2
4536;-1;1;1;2
4537;1;1;1;1
4538;-1;1;1;1
4539;1;1;1;1
4540;-1;1;1;1
4541;-1;1;1;1
4542;0;1;1;1
4543;1;1;1;1
4544;1;1;1;1
4545;-1;1;1;1
4546;-1;1;1;1
4547;-1;1;1;1
4548;-1;1;1;1
4549;1;1;1;1
4550;0;1;1;1
4551;-1;1;1;1
4552;1;1;1;1
4553;1;1;1;1
4554;1;1;1;1
4555;1;1;1;1
4556;-1;1;1;1
4557;-1;1;1;0
4558;1;1;1;1
4559;1;1;1;1
4560;-1;1;1;1
4561;-1;1;1;1
4562;-1;1;1;1
4563;1;1;1;1
4564;-1;1;1;1
4565;-1;1;1;8
4566;1;1;1;8
4567;1;1;1;6
4568;-1;1;1;0
4569;1;1;1;8
4570;1;1;1;6
4571;1;1;1;6
4572;1;1;1;1
4573;-1;1;1;1
4574;-1;1;1;1
4575;-1;1;1;1
4576;1;1;1;1
4577;-1;1;1;1
4578;1;1;1;7
4579;-1;1;1;7
4580;-1;1;2;12
4581;-1;1;1;1
4582;-1;1;1;0
4583;-1;1;1;1
4584;-1;1;1;1
4585;1;1;1;1
4586;-1;1;1;1
4587;1;1;1;1
4588;1;1;1;1
4589;-1;1;1;1
4590;1;1;1;1
4591;-1;1;1;1
4592;1;1;1;1
4593;-1;1;1;1
4594;1;1;1;1
4595;-1;1;1;1
4596;-1;1;1;1
4597;-1;1;1;1
4598;-1;1;1;1
4599;1;1;1;1
4600;1;1;1;1
4601;-1;1;1;1
4602;-1;1;5;2
4603;1;1;1;5
4604;-1;1;1;6
4605;1;1;1;6
4606;-1;1;1;6
4607;-1;1;1;6
4608;1;1;1;6
4609;1;1;1;5
4610;0;1;1;6
4611;1;1;3;11
4612;1;1;3;11
4613;1;1;3;11
4614;1;1;3;11
4615;-1;1;1;5
4616;1;1;1;5
4617;-1;1;1;5
4618;1;1;1;5
4619;1;1;2;11
4620;0;1;1;5
4621;-1;1;1;5
4622;1;1;1;5
4623;1;1;9;7
4624;1;1;9;7
4625;1;1;9;7
4626;1;1;9;7
4627;1;1;1;1
4628;1;1;1;1
4629;-1;1;1;1
4630;1;1;1;1
4631;1;1;1;1
4632;-1;1;1;0
4633;-1;1;1;1
4634;1;1;1;1
4635;1;1;1;1
4636;-1;1;1;1
4637;1;1;1;1
4638;1;1;1;1
4639;1;1;1;1
4640;-1;1;1;1
4641;-1;1;1;1
4642;-1;1;1;1
4643;-1;1;1;1
4644;-1;1;1;1
4645;1;1;1;1
4646;1;1;1;1
4647;-1;1;1;1
4648;1;1;1;0
4649;1;1;1;0
4650;1;1;1;0
4651;1;1;1;0
4652;1;1;1;0
4653;-1;1;1;0
4654;1;1;1;0
4655;-1;1;1;0
4656;1;1;1;0
4657;1;1;1;0
4658;1;1;1;11
4659;-1;1;1;11
4660;-1;1;1;6
4661;1;1;1;1
4662;1;1;1;1
4663;-1;1;1;1
4664;1;1;1;1
4665;-1;1;1;3
4666;-1;1;1;3
4667;1;1;1;0
4668;1;1;1;1
4669;-1;1;1;1
4670;1;1;1;4
4671;-1;1;1;4
4672;-1;1;2;12
4673;-1;1;2;12
4674;1;1;1;1
4675;1;1;1;0
4676;1;1;1;0
4677;-1;1;1;0
4678;1;1;1;0
4679;1;1;1;0
4680;1;1;1;0
4681;-1;1;1;0
4682;1;1;1;0
4683;-1;1;1;0
4684;-1;1;1;0
4685;-1;1;1;0
4686;1;1;1;0
4687;-1;1;1;0
4688;-1;1;1;0
4689;1;1;1;0
4690;1;1;1;0
4691;1;1;1;0
4692;1;1;1;0
4693;1;1;1;0
4694;1;1;1;0
4695;-1;1;1;0
4696;1;1;1;0
4697;-1;1;2;2
4698;1;1;1;0
4699;-1;1;1;0
4700;-1;1;1;0
4701;1;1;1;0
4702;-1;1;1;0
4703;1;1;1;0
4704;-1;1;1;0
4705;1;1;1;0
4706;-1;1;1;0
4707;-1;1;1;0
4708;-1;1;1;0
4709;-1;1;1;0
4710;-1;1;1;0
4711;1;1;1;0
4712;0;1;1;0
4713;1;1;1;0
4714;1;1;1;6
4715;1;1;1;0
4716;-1;1;1;0
4717;1;1;1;0
4718;1;1;1;1
4719;-1;1;1;0
4720;1;1;1;0
4721;-1;1;1;0
4722;-1;1;1;0
4723;1;1;1;1
4724;-1;1;1;1
4725;-1;1;1;1
4726;1;1;1;0
4727;1;1;1;1
4728;1;1;1;4
4729;1;1;1;4
4730;0;1;1;4
4731;-1;1;1;4
4732;1;1;1;4
4733;-1;1;1;4
4734;-1;1;1;4
4735;1;1;1;4
4736;1;1;1;4
4737;-1;1;1;3
4738;-1;1;1;3
4739;-1;1;1;3
4740;-1;1;1;4
4741;1;1;1;3
4742;0;1;1;4
4743;1;1;1;4
4744;-1;1;1;0
4745;-1;1;1;0
4746;-1;1;1;0
4747;1;1;1;0
4748;1;1;1;0
4749;1;1;1;0
4750;1;1;1;0
4751;-1;1;12;6
4752;-1;1;12;6
4753;-1;1;12;6
4754;-1;1;12;6
4755;-1;1;12;6
4756;0;1;4;6
4757;1;1;4;6
4758;-1;1;1;5
4759;0;1;1;5
4760;0;1;1;5
4761;-1;1;1;0
4762;1;1;1;0
4763;-1;1;1;0
4764;1;1;1;0
4765;-1;1;1;0
4766;1;1;1;0
4767;1;1;1;0
4768;-1;1;1;0
4769;1;1;1;0
4770;1;1;1;0
4771;-1;1;1;0
4772;1;1;1;0
4773;-1;1;1;0
4774;-1;1;1;0
4775;1;1;1;0
4776;1;1;1;0
4777;-1;1;1;0
4778;-1;1;1;0
4779;-1;1;1;0
4780;1;1;1;0
4781;-1;1;1;0
4782;1;1;1;0
4783;-1;1;1;0
4784;-1;1;1;0
4785;1;1;1;0
4786;-1;1;1;1
4787;-1;1;1;1
4788;-1;1;1;1
4789;-1;1;1;1
4790;1;1;1;1
4791;1;1;2;2
4792;1;1;2;2
4793;1;1;1;7
4794;1;1;1;7
4795;1;1;1;7
4796;-1;1;1;7
4797;-1;1;1;1
4798;1;1;1;1
4799;-1;1;1;7
4800;0;1;1;7
4801;1;1;1;7
4802;1;1;1;7
4803;1;1;1;2
4804;1;1;1;0
4805;-1;1;1;0
4806;-1;1;1;0
4807;-1;1;1;0
4808;1;1;1;0
4809;1;1;1;0
4810;-1;1;1;0
4811;-1;1;1;0
4812;1;1;1;0
4813;-1;1;1;0
4814;-1;1;1;0
4815;1;1;1;0
4816;1;1;1;0
4817;1;1;1;0
4818;-1;1;1;0
4819;1;1;1;0
4820;-1;1;1;0
4821;1;1;1;0
4822;1;1;1;0
4823;-1;1;1;3
4824;-1;1;1;3
4825;-1;1;1;3
4826;1;1;1;3
4827;-1;1;1;3
4828;0;1;1;3
4829;0;1;1;3
4830;-1;1;1;3
4831;-1;1;1;3
4832;-1;1;1;3
4833;-1;1;1;4
4834;1;1;1;4
4835;1;1;1;4
4836;1;1;4;0
4837;-1;1;1;0
4838;1;1;1;7
4839;1;1;1;7
4840;-1;1;1;7
4841;1;1;1;7
4842;1;1;1;7
4843;-1;3;1;1
4844;1;1;1;2
4845;1;3;1;1
4846;1;1;1;7
4847;1;1;1;7
4848;-1;1;1;7
4849;-1;1;1;7
4850;-1;1;1;7
4851;-1;1;1;0
4852;1;1;1;9
4853;-1;1;1;2
4854;-1;1;1;2
4855;-1;1;1;2
4856;1;1;1;2
4857;1;1;2;0
4858;-1;1;1;0
4859;-1;1;1;0
4860;1;1;1;0
4861;1;1;1;0
4862;-1;1;1;0
4863;1;1;1;0
4864;1;1;1;2
4865;-1;1;1;2
4866;-1;1;1;2
4867;1;1;1;2
4868;-1;1;1;2
4869;0;1;1;2
4870;-1;1;1;2
4871;-1;1;1;2
4872;-1;1;1;1
4873;-1;1;1;2
4874;1;1;1;2
4875;1;1;1;1
4876;-1;1;1;1
4877;1;1;1;1
4878;-1;1;1;1
4879;1;1;1;1
4880;-1;1;1;1
4881;1;1;1;1
4882;-1;1;1;1
4883;-1;1;4;1
4884;1;1;1;12
4885;1;1;1;6
4886;-1;1;1;0
4887;-1;1;1;0
4888;-1;1;1;0
4889;1;1;1;0
4890;-1;1;1;0
4891;1;1;1;3
4892;-1;1;1;1
4893;0;1;1;4
4894;-1;1;1;4
4895;-1;1;1;1
4896;-1;1;1;1
4897;1;1;1;0
4898;1;1;1;1
4899;-1;1;1;0
4900;1;1;1;0
4901;1;1;1;0
4902;-1;1;1;0
4903;-1;1;1;0
4904;-1;1;1;0
4905;1;1;1;7
4906;-1;1;1;7
4907;-1;1;1;7
4908;1;1;1;0
4909;-1;1;4;0
4910;-1;1;4;0
4911;-1;1;4;0
4912;1;1;4;0
4913;1;1;1;7
4914;1;1;1;7
4915;-1;1;1;7
4916;1;1;1;7
4917;-1;1;12;7
4918;-1;1;12;7
4919;1;1;1;1
4920;-1;1;1;1
4921;-1;1;1;1
4922;-1;1;1;1
4923;1;1;1;1
4924;-1;1;1;1
4925;-1;1;1;1
4926;1;1;1;1
4927;-1;1;1;1
4928;-1;1;1;1
4929;1;1;1;1
4930;1;1;1;1
4931;-1;1;1;1
4932;1;1;1;1
4933;1;1;1;0
4934;-1;1;1;0
4935;-1;1;1;0
4936;1;1;1;0
4937;1;1;1;0
4938;1;1;1;0
4939;-1;1;1;0
4940;-1;1;1;1
4941;-1;1;1;1
4942;1;1;1;1
4943;-1;1;1;1
4944;-1;1;1;1
4945;-1;1;1;1
4946;-1;1;1;1
4947;-1;1;1;1
4948;1;1;1;1
4949;-1;1;1;1
4950;1;1;1;1
4951;1;1;1;1
4952;-1;1;1;1
4953;-1;1;1;1
4954;1;1;1;1
4955;-1;1;1;1
4956;-1;1;1;1
4957;1;1;1;1
4958;1;1;1;1
4959;1;1;1;7
4960;-1;1;1;0
4961;1;1;1;1
4962;-1;1;1;1
4963;-1;1;1;1
4964;-1;1;1;1
4965;-1;1;1;1
4966;1;1;1;1
4967;-1;1;1;1
4968;1;1;1;1
4969;1;1;1;1
4970;-1;1;1;1
4971;-1;1;1;1
4972;-1;1;1;1
4973;-1;1;1;1
4974;-1;1;1;1
4975;1;1;1;1
4976;-1;1;1;1
4977;1;1;3;2
4978;-1;1;3;2
4979;1;2;3;6
4980;1;2;3;6
4981;1;2;3;6
4982;1;2;3;6
4983;1;2;3;6
4984;-1;2;3;6
4985;1;2;3;6
4986;1;2;7;6
4987;1;2;3;10
4988;1;2;3;10
4989;1;2;3;10
4990;1;1;1;5
4991;-1;1;1;5
4992;-1;1;3;2
4993;1;1;1;5
4994;-1;1;1;3
4995;-1;1;1;9
4996;1;1;1;2
4997;-1;1;1;0
4998;1;1;1;0
4999;-1;1;1;1
5000;-1;1;1;1
5001;1;1;1;1
5002;1;1;1;1
5003;-1;1;1;1
5004;1;1;1;1
5005;1;1;1;1
5006;-1;1;1;1
5007;-1;1;1;1
5008;1;1;1;1
5009;1;1;1;1
5010;1;1;1;1
5011;1;1;1;1
5012;-1;1;1;1
5013;-1;1;1;1
5014;1;1;1;1
5015;1;1;1;1
5016;1;1;1;1
5017;-1;1;1;1
5018;1;1;1;1
5019;-1;1;1;1
5020;-1;1;1;1
5021;1;1;1;1
5022;-1;1;1;0
5023;1;1;1;0
5024;1;1;1;8
5025;-1;1;1;8
5026;-1;1;1;8
5027;1;1;1;8
5028;1;1;1;8
5029;0;1;1;8
5030;0;1;1;8
5031;1;1;1;8
5032;-1;1;1;8
5033;-1;1;2;0
5034;1;1;1;10
5035;-1;1;1;7
5036;-1;1;2;0
5037;1;1;2;0
5038;1;1;2;0
5039;1;1;2;0
5040;-1;1;2;0
5041;1;2;1;12
5042;-1;2;1;12
5043;-1;1;1;0
5044;1;1;1;0
5045;1;1;1;0
5046;-1;1;1;0
5047;1;1;1;0
5048;1;1;1;0
5049;1;1;1;0
5050;-1;1;1;0
5051;1;1;1;0
5052;-1;1;1;0
5053;1;1;1;0
5054;-1;1;1;0
5055;-1;1;3;0
5056;-1;1;3;0
5057;1;1;1;0
5058;1;1;1;0
5059;1;1;5;10
5060;1;1;1;0
5061;-1;1;1;0
5062;1;1;2;6
5063;1;1;1;1
5064;-1;1;1;1
5065;1;1;1;1
5066;1;1;2;6
5067;-1;1;1;12
5068;1;1;1;1
5069;1;1;1;1
5070;-1;1;1;1
5071;-1;1;1;1
5072;1;1;1;1
5073;-1;1;1;1
5074;1;1;1;1
5075;-1;1;1;1
5076;-1;1;1;1
5077;-1;1;1;1
5078;1;1;1;1
5079;-1;1;1;1
5080;-1;1;1;1
5081;-1;1;1;1
5082;-1;1;1;5
5083;-1;2;2;8
5084;1;2;2;8
5085;-1;1;1;3
5086;-1;2;2;8
5087;-1;2;2;8
5088;-1;1;1;3
5089;-1;1;1;5
5090;-1;1;1;5
5091;1;1;1;5
5092;-1;1;1;5
5093;0;1;1;5
5094;1;1;1;5
5095;0;1;1;5
5096;1;1;1;5
5097;0;1;1;5
5098;0;1;2;5
5099;-1;1;2;5
5100;1;1;1;0
5101;1;1;1;9
5102;1;1;1;9
5103;-1;1;1;0
5104;1;1;1;9
5105;1;1;1;9
5106;-1;1;1;2
5107;1;1;1;2
5108;1;1;1;0
5109;-1;1;1;8
5110;1;1;1;2
5111;1;1;1;2
5112;1;1;1;2
5113;-1;1;1;2
5114;1;1;1;2
5115;1;1;1;2
5116;-1;1;1;2
5117;1;1;1;0
5118;1;1;1;0
5119;-1;1;1;0
5120;-1;1;1;0
5121;1;1;1;0
5122;1;1;1;0
5123;1;1;1;0
5124;1;1;1;0
5125;-1;1;1;0
5126;-1;1;1;0
5127;-1;1;1;0
5128;1;1;1;0
5129;-1;1;1;0
5130;1;1;1;0
5131;-1;1;1;0
5132;1;1;1;0
5133;-1;1;1;0
5134;1;1;1;0
5135;1;1;1;0
5136;1;1;1;0
5137;1;1;1;0
5138;1;1;1;0
5139;-1;1;1;0
5140;1;1;1;0
5141;1;1;1;0
5142;1;1;1;0
5143;1;1;1;0
5144;-1;1;1;0
5145;-1;1;1;0
5146;1;1;1;0
5147;-1;1;1;0
5148;-1;1;1;0
5149;1;1;1;0
5150;-1;1;1;0
5151;-1;1;1;0
5152;1;1;1;0
5153;-1;1;1;0
5154;1;1;1;0
5155;1;1;1;0
5156;1;1;1;0
5157;-1;1;1;0
5158;1;1;1;0
5159;-1;1;1;0
5160;1;1;1;0
5161;1;1;1;0
5162;1;1;1;0
5163;1;1;1;2
5164;-1;1;1;0
5165;-1;1;1;2
5166;-1;1;1;0
5167;1;1;1;0
5168;1;1;1;0
5169;-1;1;1;0
5170;-1;1;1;0
5171;-1;1;1;0
5172;-1;1;1;0
5173;1;1;1;0
5174;-1;1;1;0
5175;1;1;1;0
5176;0;1;1;5
5177;1;1;1;5
5178;1;1;1;5
5179;0;1;1;5
5180;-1;2;1;10
5181;0;1;1;5
5182;-1;2;5;2
5183;1;2;5;2
5184;1;2;5;2
5185;-1;2;3;12
5186;-1;2;3;12
5187;-1;2;7;12
5188;1;2;8;12
5189;1;2;8;12
5190;-1;2;8;12
5191;-1;2;8;12
5192;-1;2;8;12
5193;-1;2;9;12
5194;1;2;9;12
5195;-1;2;9;12
5196;-1;2;9;12
5197;-1;2;9;12
5198;-1;2;9;12
5199;1;2;12;12
5200;1;2;12;12
5201;1;2;1;1
5202;1;2;1;1
5203;1;2;9;12
5204;1;2;7;8
5205;-1;1;1;2
5206;1;1;1;2
5207;-1;1;1;2
5208;-1;1;1;2
5209;-1;1;1;2
5210;-1;1;1;2
5211;1;1;1;2
5212;-1;1;1;2
5213;1;1;1;2
5214;-1;1;1;2
5215;1;1;1;5
5216;0;1;1;5
5217;-1;1;1;5
5218;0;1;1;5
